article_id,title_clean,framing_label,media_name,media_group,event_type,date
f6a87585af0c,작년 한국 해외 역직구 건수 36% 늘어,optimistic,연합뉴스,통신사/방송,수출입동향,2019-02-25
d95423c1aba7,정부가 여는 해외취업설명회에도 일본 뺐다,neutral,중앙일보,보수,고용동향,2019-08-20
d1d043d37673,"""중국, 경기 수축 국면 진입할 가능성…글로벌 경기둔화 우려""",pessimistic,연합뉴스,통신사/방송,경기침체,2019-03-03
2d6394817780,미 가계부채 15년 만에 가장 빨리 늘어,pessimistic,서울경제,경제지,가계부채,2022-11-16
c51916e2fcc0,"미국 증시, 잇단 금리인상 지지 발언에 하락 마감…다우 0.18%↓",pessimistic,한국경제,경제지,기준금리,2016-08-26
b7f880f70ddd,7월 수출 6.2%↑…휴대폰 28개월 만에 증가세로 전환,optimistic,한겨레,진보,수출입동향,2018-08-01
5d473a939b81,성장·물가 연말 갈수록 둔화···긴축 신호 약해진 한은,pessimistic,서울경제,경제지,물가_인상,2017-08-28
ae23680d7c36,멀티플렉스 '꼼수 인상'에 평균 관람료 8천 원대…역대 최고,neutral,SBS,통신사/방송,소비자물가,2016-09-02
e7b4f5b5c418,美 3월 금리인상 부각에 힘잃는 韓 금리인하 카드,pessimistic,연합뉴스,통신사/방송,가계부채,2017-03-04
0e6ce69fe964,"뉴욕증시, 9월 금리 향방 결정할 고용·물가지표 발표",neutral,한국경제,경제지,고용동향,2016-08-28
14d29d0894f7,"'고용연장' 부작용 뻔한데···文, 총선 두달전 불쑥 꺼내",neutral,서울경제,경제지,고용동향,2020-02-11
e851d1a48ebd,"美연준 인사들, '물가안정 의지' 지원사격…9월 금리엔 말 아껴",neutral,연합뉴스,통신사/방송,기준금리,2022-08-31
4ce659026f8d,유로존 8월 인플레 2.1%↑…9월 금리 동결 확실시,neutral,한국경제,경제지,기준금리,2025-09-02
1524bd172a2d,"래커 美연준은행장 ""현재 기준금리 낮아…인상 늦을수록 위험""",alarmist,연합뉴스,통신사/방송,고용동향,2016-09-03
2f84e12f2ede,"中 갈륨·게르마늄 수출, 통제 앞두고 7월 22% 급증",neutral,연합뉴스,통신사/방송,반도체_수출,2023-09-01
f4ce13c1ec71,세계 경제 성장률 전망치 줄하향…신종 코로나 여파,pessimistic,SBS Biz,경제지,GDP_성장률,2020-02-09
3a248db35083,"국제금값, 관세 불확실성·안전자산 선호에 연일 사상 최고치",optimistic,연합뉴스,통신사/방송,국채_금리,2025-09-03
394a44cc5ec0,"직장인 37% 캥거루족…""어쩔 수 없다"" vs ""도전정신 부족""",comparative,연합뉴스,통신사/방송,부동산가격,2018-03-02
35f013f49b66,"4월 고용동향, 취업자 47.6만명 감소…정부 대응책은?",pessimistic,SBS Biz,경제지,고용동향,2020-05-13
a327a8cbdd4f,"OECD ""가파르게 느는 가계부채, 한국인 삶의 질 위협""",alarmist,SBS,통신사/방송,가계부채,2018-01-08
91b6497df657,"뉴욕증시, 미 금리 인상 경계 속 소폭 상승 출발",optimistic,연합뉴스,통신사/방송,물가_인상,2016-08-29
3fec351df724,산업대출 1천조 첫 돌파…1분기 부동산업 대출 4.8조↑,pessimistic,연합뉴스,통신사/방송,부동산_대출,2017-05-29
932224eff73d,"내년도 최저임금 9천160원 확정, 내년 1월 1일부터 적용",neutral,연합뉴스,통신사/방송,최저임금,2021-08-05
c3238ec5d543,"이주열 ""통화완화기조 유지…물가 상승압력 커질 수도""",neutral,한국경제,경제지,물가_인상,2021-02-25
6b21dc6205c4,"“개업보다 폐업이 더 많아”…끝없는 침체 공인중개사, 지난달 폐업 941명",pessimistic,매일경제,경제지,경기침체,2025-08-24
d012a3c27ad7,올해 기계산업 전망 '흐림'…생산·수출 모두 감소 예상,pessimistic,연합뉴스,통신사/방송,반도체_수출,2025-02-27
3240f627fb06,내년 NY·NJ 최저임금 또 오른다,neutral,미주중앙일보,기타,최저임금,
14debea995e2,투기지역 6억이하 아파트 LTV·DTI 40% 적용,neutral,매일경제,경제지,부동산_대출,2017-08-22
3a6b4b0ee73e,"서울우유, 흰우유 출고가 3% 인상",neutral,한국경제TV,경제지,물가_인상,2023-08-29
93be123f14ac,美온라인 대출 약진에 …'모기지 1위' 웰스파고 사업 축소,pessimistic,매일경제,경제지,부동산_대출,2023-01-26
f3eb05972683,커피·소주에 이어 포장김치 가격도 7% 인상,neutral,연합뉴스,통신사/방송,물가_인상,2022-02-25
18e9859fc0b6,"원/달러 환율 강보합 마감…1,107.6원",neutral,연합뉴스,통신사/방송,환율_달러,2021-02-18
8338cedc7c0d,급격한 최저임금 인상 '직격탄'…농가 경영여건 2년 연속 나빠져,pessimistic,한국경제,경제지,최저임금,2020-01-30
8c1a680dd2e2,마포·서대문·종로 새 아파트 사상 최고가…봄 이사철 실수요자 행진,optimistic,한국경제,경제지,부동산가격,2017-03-02
7be7a294e984,타겟 이어 월마트까지 휘청…“관세가 물가 영향”,alarmist,매일경제,경제지,물가_인상,2025-08-22
339792163832,1분기 산업대출 18조↑…부동산 대출이 43% 밀어 올렸다,pessimistic,연합뉴스,통신사/방송,부동산_대출,2018-05-30
9e1cc7eb46ac,美 가계부채 12조6천억 달러…글로벌금융위기 수준 '육박',alarmist,연합뉴스,통신사/방송,가계부채,2017-02-18
f7872fb30d40,"카카오뱅크, 가계대출 금리 최대 0.30%p 인하",optimistic,연합뉴스,통신사/방송,기준금리,2025-09-01
3e92ec99ad7c,"고용과 물가 안정, 두 마리 토끼 잡을 수 없을까",neutral,한국경제,경제지,물가_인상,2026-02-26
22b6e03baf0b,"트럼프 진영 크리스티, 최저임금 15달러 거부…""너무 급격""",neutral,연합뉴스,통신사/방송,최저임금,2016-09-02
46d82a31a6d6,‘수출의 힘’…경상수지 80개월 연속 흑자,optimistic,SBS Biz,경제지,경상수지,2018-12-06
ea62e9f0b267,"연속 '빅스텝' 부담됐나?…한은, 경기침체 우려에 '베이비스텝'",neutral,SBS Biz,경제지,경기침체,2022-08-25
e1fe056083b2,"반도체 수출 여전히 탄탄…5월 경상수지 흑자, 8개월 만에 최대(종합)",optimistic,연합뉴스,통신사/방송,경상수지,2018-07-05
e2b3d7ac60f2,서울 택시요금 오른다…지방선거 후 15∼25% 인상 유력,neutral,연합뉴스,통신사/방송,물가_인상,2018-02-26
edbf578ef526,"코스피 하락, 원/달러 환율은 10.9원 급등 출발",pessimistic,연합뉴스,통신사/방송,환율_달러,2026-03-06
2ee02e0b8178,"한국노총, 올해 임금 8.3% 인상 요구",neutral,한국경제TV,경제지,물가_인상,2024-02-20
c3ca5b634a4c,"보스틱 ""3월 0.25%포인트 인상 지지""",neutral,한국경제,경제지,물가_인상,2023-03-03
ceeb206a6152,"코스피, 나흘째 상승…美 증시 폭등·韓 금리인하 기대감",optimistic,한국경제,경제지,기준금리,2020-03-05
d5a915edfc24,"코스피, 美 금리인상 우려 완화…2,050선 반등",optimistic,한국경제TV,경제지,기준금리,2016-09-05
3af7078ad963,"네오시스템즈, 반도체 장비社에 FTMS시스템 제공…통관 업무 지원",neutral,매일경제,경제지,반도체_수출,2019-03-05
39bbcd36ffa4,"경제학자 10명중 8명 ""文정부 정책이 수도권 집값 폭등 유발""",alarmist,서울경제,경제지,부동산가격,2020-08-31
60df39d6b25f,현대자동차·현대중공업 노조 파업 장기화…'블랙홀' 된 울산 경제,alarmist,한국경제,경제지,수출입동향,2016-08-24
6ff7c4aef414,1%대 물가상승률에도 뛰는 체감물가…주범은 먹거리값,defensive,연합뉴스TV,통신사/방송,물가_인상,2019-02-25
789eb6ae7df3,"日, 올 2분기 실질 GDP 0.4%↑…3개 분기 연속 성장",optimistic,SBS,통신사/방송,GDP_성장률,2019-08-09
c44bc5e3f377,6월 경상수지 58.7억달러 흑자…하반기 불투명,optimistic,서울경제TV,경제지,경상수지,
3f51a0519781,"한은 ""치솟은 환율, 올 하반기 물가 끌어올린다""",alarmist,연합뉴스,통신사/방송,물가_인상,2025-02-27
147f0f1afea4,3대 물가지표 일제히 뛴다고 속지마라? “인플레 아닌 리플레”,neutral,중앙일보,보수,소비자물가,2021-02-24
3659b0b94b50,"산업통상부·관세청, 1~20일 수출입 동향",neutral,한국경제,경제지,수출입동향,2025-10-20
2f17037a9a3c,부산 지난달 소비자물가 1.2% 상승,neutral,연합뉴스,통신사/방송,소비자물가,2018-02-01
26e6b70fc1f9,"10년만에 물가상승률 3%대 전망...한은, 추가 금리인상 시사",alarmist,한국경제TV,경제지,물가_인상,2022-02-24
ce11da022640,정보통신기술 수출액 195억달러…역대 7월 최고 기록,optimistic,연합뉴스,통신사/방송,반도체_수출,2021-08-12
59357fc118fd,8월 전국 주택 매매·전세 다 올랐다,neutral,매일경제,경제지,경기침체,2017-08-31
a05bf699b4a4,韓성장률 2년 연속 OECD 10위권…이제는 '성장 중진국',comparative,연합뉴스,통신사/방송,GDP_성장률,2017-03-05
71484a4608c3,줄어든 美소비…경기침체 우려할 수준은 아냐,defensive,매일경제,경제지,경기침체,2020-08-14
c0a374a7f006,2분기 성장률 -3.2%…금융위기 이래 최저,alarmist,연합뉴스TV,통신사/방송,GDP_성장률,2020-09-01
b23b0513af91,2월 소비자물가 2% 상승,neutral,연합뉴스,통신사/방송,소비자물가,2026-03-06
82f5221919ca,'내집마련 디딤돌대출'금리 12일부터 0.2%P↓…최저 1.6%,optimistic,연합뉴스,통신사/방송,기준금리,2016-09-05
5691a67dc925,"예대율 턱밑까지 찬 금융권, 대출영업 몸사리기",alarmist,서울경제,경제지,가계부채,2019-09-03
8dee684abbbb,ECB '양적완화 축소' 우려에 글로벌 국채가격 '뚝',pessimistic,연합뉴스,통신사/방송,국채_금리,2017-07-07
5c2e68482d0c,'발작' 3년만기 국채 3.6% 재돌파…대출금리 더 오를 일만,alarmist,SBS Biz,경제지,국채_금리,2022-08-30
72af3418b32a,가계부채관리 회의 주재하는 최종구 금융위원장,neutral,연합뉴스,통신사/방송,가계부채,2019-01-25
6dbfc1647759,"노원구, 대출금리 인하해 중소기업 육성 지원",neutral,서울경제,경제지,경기침체,2016-09-05
361b1ad232de,인천 1월 수출 50억달러 첫 돌파…일평균 수출액은 감소,defensive,연합뉴스,통신사/방송,수출입동향,2026-02-26
eab790012e06,"뉴욕증시, 금리인상 우려에 하락…다우 0.26%↓",pessimistic,매일경제,경제지,기준금리,2016-08-31
8cb2673b1577,오늘부터 주담대 금리 인하…코로나 대출상환 재연장될 듯,neutral,SBS Biz,경제지,기준금리,2020-08-19
b6c106099424,주담대 금리인하 도미노 하나은행도 0.15%P↓,optimistic,매일경제,경제지,가계부채,2025-03-05
3a9828429d6f,전세계 이목 쏠린 리창의 입…'경제성장률 목표 5%' 지킬까,neutral,서울경제,경제지,GDP_성장률,2024-03-05
748c6688d62a,‘이자 장사’ 성적표 공시에…대출금리 앞다퉈 내리는 은행들,optimistic,동아일보,보수,기준금리,2022-09-04
faac79bb9112,"원/달러 환율 급등해 1,110원 육박",alarmist,연합뉴스,통신사/방송,환율_달러,2021-02-17
cb3912e64422,제조업 고용시장 악화..1월 취업자수 16만명 감소,pessimistic,한국경제TV,경제지,고용동향,2017-02-15
8fb5b3ae3341,“환율 오를 때 팔자” 수출입 기업들 달러 매도···외화예금 사상 최대 규모 축소,pessimistic,서울경제,경제지,수출입동향,2017-07-14
cb3753cdfc9a,英 연구소 “우크라 전쟁으로 세계 성장률 1%p 하락·물가 3%p 인상”,pessimistic,SBS Biz,경제지,GDP_성장률,2022-03-04
bf6e3b8bbbc8,1월 고용동향 살펴보니…최저임금발 영향은 더 지켜봐야,neutral,한겨레,진보,고용동향,2018-02-14
a2e116b4e362,경기 침체 장기화···대기업 이사 보수한도 삭감,pessimistic,매일경제,경제지,경기침체,2024-03-03
3742b6e72a97,美금리 인하에 증권株 웃었다,optimistic,매일경제,경제지,국채_금리,2020-03-04
43a1a515e0a6,추석 앞두고 장바구니 물가 ‘비상’,alarmist,경향신문,진보,소비자물가,2020-09-02
e1e54e2a7474,10월 경상수지 흑자 역대 3위…“연간 목표치 11월에 달성 예상”,optimistic,중앙일보,보수,경상수지,2020-12-04
0467ee2759bc,저성장 터널 갇힌 韓…내년 성장률 1.4%로 떨어질수도,pessimistic,서울경제,경제지,GDP_성장률,2025-08-28
20d68972911e,"옐런, '긴축' 신호…1월 美소비자물가 4년래 최대폭↑",alarmist,SBS Biz,경제지,소비자물가,2017-02-16
62a8988e2525,오늘부터 신용대출·부동산대출 중단한 하나은행,alarmist,연합뉴스,통신사/방송,부동산_대출,2021-10-20
8056266377ba,"월가 거물 ""올해 국채금리 다시 오르고 주식은 하락""",pessimistic,한국경제TV,경제지,국채_금리,2024-02-07
10909517dfde,"가계·기업 부채, 경제 규모 2.2배",alarmist,매일경제TV,경제지,가계부채,
cf0515a667af,日투자 노리던 韓반도체 업계 '화색' AI·빅데이터 등 첨단분야 협력 기회,optimistic,매일경제,경제지,반도체_수출,2023-03-05
17117ab59d25,"""선진국 가운데 첫 금리인상...추가인상 가능성""",neutral,한국경제TV,경제지,물가_인상,2021-08-26
599a8871240d,"이주열 “유가·농수산품 가격 상승, 물가상승률 현재 수준 지속”",neutral,서울경제,경제지,소비자물가,2017-02-15
90af3e781713,"<美민주 전대> 샌더스 공격에 발끈한 트럼프 ""최저임금 최소 10달러로 인상""(종합)",neutral,연합뉴스,통신사/방송,최저임금,2016-07-28
9c26d36d0aa4,"골드만·모건스탠리 ""미 국채 과매도…30년 물가연동채 추천""",neutral,연합뉴스,통신사/방송,국채_금리,2023-08-08
506eb97e05fb,원·달러 환율 한 때 1500원 넘어서…2009년이후 처음,alarmist,한국경제,경제지,환율_달러,2026-03-04
90bea2875672,"미, 삼성·SK 반도체장비 中 반출 통제에…정부 ""영향 최소화되게 협의""",defensive,연합뉴스TV,통신사/방송,반도체_수출,2025-08-29
00b1dbd06b5b,"하이투자 ""미중, 美대선까지 노딜 가능성…경기침체 우려""",pessimistic,연합뉴스,통신사/방송,경기침체,2019-08-26
440dc7afd5b3,장사 안되는데 빚부담 늘고…자영업자 줄었는데 대출 증가,pessimistic,연합뉴스,통신사/방송,부동산_대출,2019-02-04
87c8fe970e04,"UBS ""미국 경기 침체 확률 25%로 상향""",pessimistic,SBS Biz,경제지,경기침체,2024-08-28
81ef03e31fcc,"감정원, 부동산 조사 전문기관 변신",neutral,한국경제,경제지,부동산가격,2016-09-01
e831856e9c52,靑과 갈등·경기 침체·민심 이탈...14년전 이헌재와 닮은 김동연,pessimistic,서울경제,경제지,경기침체,2018-08-10
77bf7c0a815d,원/달러 환율 소폭 하락세…北 리스크에 낙폭 제한,neutral,연합뉴스,통신사/방송,환율_달러,2017-08-30
192ea8b62dbd,“김조원 아파트 시세보다 비싸게 내놨다” 논란…청와대 “남자들은 부동산 잘 몰라”,neutral,중앙일보,보수,부동산가격,2020-08-07
897fb0de6455,6월 경상수지 142.7억 달러 흑자…반도체 등 수출 호조에 역대 최대,optimistic,중앙일보,보수,경상수지,2025-08-07
030e10b1bfd0,브라질 금융시장 '대선 변수'에 또 출렁…헤알화 환율 1.48%↑,alarmist,연합뉴스,통신사/방송,환율_달러,2018-08-29
9da97bc41807,10월 수출입동향 발표,neutral,연합뉴스,통신사/방송,수출입동향,2018-11-01
d256426e343d,원/달러 환율 상승 출발,neutral,연합뉴스,통신사/방송,환율_달러,2020-08-20
70ed4d7b6642,끈적한 물가탓… “美 금리 인하 6월에나”,pessimistic,조선일보,보수,물가_인상,2024-02-22
e5319e1e0693,위안화 하락에 연동…원/달러 환율 강보합,neutral,연합뉴스,통신사/방송,환율_달러,2019-02-11
7650e14cd73d,"감세·경기침체···성장동력, 재정건정성 다놓쳤다···지출 증가 20년 만에 최소",pessimistic,경향신문,진보,경기침체,2023-08-29
18f9ecc06ce7,30분 만에 임금협상 타결…SK이노베이션에 무슨 일이?,neutral,SBS Biz,경제지,소비자물가,2019-03-05
926abf160c2b,부동산 대출규제 넘어 섬세한 시장관리가 필요하다,neutral,한겨레,진보,부동산_대출,2019-12-20
b1619b857e49,1월 소비자물가 2% 올라… 4년 3개월만에 최대폭,alarmist,동아일보,보수,소비자물가,2017-02-03
248aba7bf3d9,7월 ICT 수출 185.6억달러로 18.2%↑…20개월 연속 증가,optimistic,연합뉴스,통신사/방송,반도체_수출,2018-08-16
ec1c8ffb3035,지난해 보이스피싱 피해액 사상 최대 기록…4400억원 달해,alarmist,SBS Biz,경제지,경기침체,2019-02-28
817c5542ffe1,"문 대통령 부동산가격 상승, 가상화폐 문제 언급하지 않은 이유",neutral,경향신문,진보,부동산가격,2018-01-15
27171ec7122e,'골디락스' 가까워지는 美…성장률 전망 1.3%→2.2%로 상향,optimistic,한국경제,경제지,GDP_성장률,2024-02-27
82c63f85a8d8,美증시 하락 반전 이유...美 10년물 국채 입찰 수요 올해 최저,pessimistic,한국경제TV,경제지,국채_금리,2024-08-08
b878eab8b854,코로나19 확산세 주시…원/달러 환율 강보합 출발,neutral,연합뉴스,통신사/방송,환율_달러,2020-08-28
652755f6f7d0,원유ㆍ돼지고기 수입가 '껑충'…소비자물가 더 뛴다,alarmist,연합뉴스TV,통신사/방송,소비자물가,2017-02-14
30ec79977a4d,일본 작년 경상수지 298조원 흑자…전년比 11%↑ '사상 최대',optimistic,SBS Biz,경제지,경상수지,2026-02-09
7114c3405600,대전 충남 가계·자영업자 부채 증가율 전국 평균보다 크게 높아,comparative,연합뉴스,통신사/방송,가계부채,2018-06-26
91547838cfb1,2025년 11월 수출입 동향은,neutral,연합뉴스,통신사/방송,수출입동향,2025-12-01
f6d1cd8600bf,인천 결식아동 급식단가 7천원으로 인상…서울·경기와 동일,neutral,연합뉴스,통신사/방송,물가_인상,2021-08-31
0b9599501313,확산되는 경기 침체론…“2년 안에 침체 온다”,alarmist,SBS Biz,경제지,경기침체,2018-02-23
8ad376ade5f9,"경총 ""최저임금법 시행령 개정 반대…현행 유지해야""",neutral,연합뉴스,통신사/방송,최저임금,2018-08-27
5b232d86421c,"""부동산 대출 쏠림현상""…P2P금융상품 소비자경보 발령",alarmist,연합뉴스,통신사/방송,부동산_대출,2019-11-06
47abe168e0a3,"바이든, 반도체·배터리 공급망 검토 지시…한국도 영향 받나",neutral,연합뉴스,통신사/방송,반도체_수출,2021-02-25
19fdaacd4bfb,8월 수출입동향관련 브리핑,neutral,연합뉴스,통신사/방송,수출입동향,2017-09-01
c06035f9eb4e,수출 급감 '발등의 불'…재정·마케팅 총력 지원,alarmist,한국경제TV,경제지,반도체_수출,2019-03-04
bfc0a29567c0,韓도 이젠 GDP 비중 소비>수출인데…폭우·폭염 '악재' 겹겹,pessimistic,중앙일보,보수,GDP_성장률,2023-08-10
0ce4487425b4,"한총리 ""경상수지 흑자…녹록지 않지만 염려할 상황 아냐""",defensive,연합뉴스,통신사/방송,경상수지,2022-08-05
af3bce11a9f7,中 국유은행 신규대출 절반 '부동산 대출',neutral,서울경제,경제지,부동산_대출,2019-04-07
5becd0df1e3b,준비 안 된 최저임금 한일 역전시대,comparative,동아일보,보수,최저임금,2022-08-31
63044066c6bf,분양보증 예비심사 도입,neutral,한국경제,경제지,가계부채,2016-08-25
d4b06436f4ab,'세수펑크'·'빚투·영끌'에…나라·가계빚 첫 3000조 넘어섰다,alarmist,한국경제,경제지,가계부채,2024-08-25
36b5497ac158,중동 사태 여파로 치솟는 원/달러 환율,alarmist,연합뉴스,통신사/방송,환율_달러,2026-03-04
7b77bcd63c55,폭염·폭우에 7월 물가 어땠나…美관세 영향 경상수지도 주목,neutral,서울경제,경제지,경상수지,2025-08-03
70ea2a931d1b,PF 부실 '비상'…농·신협 부동산 대출 옥죈다,alarmist,한국경제,경제지,부동산_대출,2024-02-21
059e77dd7ce4,中 구이저우마오타이 출고가 인상에도 '비틀',pessimistic,한국경제,경제지,물가_인상,2024-02-29
5bdf939c6b31,경찰 '장하성 펀드' 장하원 대표 소환,neutral,한국경제,경제지,부동산_대출,2022-02-09
182488b46c83,고강도 '8ㆍ2 부동산 대책'…집 살까? 팔까?,neutral,연합뉴스TV,통신사/방송,부동산가격,2017-08-04
85404c797ec5,"16년 만에 新 국채선물...""금리 변동 리스크 줄인다”",neutral,한국경제TV,경제지,국채_금리,2024-02-19
8beb01b83ad7,"김동연 ""최저임금, 고용에 일부 부정적 영향""(종합)",pessimistic,연합뉴스,통신사/방송,최저임금,2018-08-28
41cf490f37c1,"""일용직 고용감소, 76%는 최저임금 탓""",pessimistic,매일경제,경제지,최저임금,2019-02-15
583c32a8eeac,"대신증권 ""美규제완화, 국내 은행업종 수혜 제한적""",neutral,연합뉴스,통신사/방송,부동산_대출,2017-02-20
c5ddb817949b,'단 9분 연설'…파월 말 한마디에 7000조 날아갔다,alarmist,한국경제,경제지,국채_금리,2022-09-04
79ff8c7f48c2,6월 경상수지 142.7억달러…반도체 등 수출 호조에 역대 최대 흑자,optimistic,조선일보,보수,경상수지,2025-08-07
308589f09d3a,"RE100 15년 뒤처진 한국, 반도체·AI 산업 타격 받나",pessimistic,한국경제,경제지,반도체_수출,2024-09-05
b550edf7a495,강남맘 판교로 간 이유는…,neutral,한국경제,경제지,부동산가격,2016-09-01
cabea49933b5,소비 회복·수출 호조…2분기 경제 성장률 0.7%,optimistic,SBS,통신사/방송,GDP_성장률,2025-09-03
ea4955fe9dd5,"원·달러 환율 하락…1,118.5원(-0.6원)",neutral,한국경제,경제지,환율_달러,2019-02-28
86129bffec11,"""신용대출 늘어난다"" 지적에…금융위, 은행에 '구두 경고'",neutral,한국경제,경제지,가계부채,2020-08-19
0f6bc611b97e,"구윤철 ""기름값 인상은 민생 좀 먹는 행위…행정조치 모두 활용""",neutral,한국경제,경제지,물가_인상,2026-03-05
aca5abd61d1b,2월 1∼20일 수출 13.1% 증가…일평균 기준 17.2%↑(종합),optimistic,연합뉴스,통신사/방송,반도체_수출,2022-02-21
61cb085fa0f7,IMF 20년…경상수지·외환보유액 좋아도 새로운 위기 우려,defensive,한겨레,진보,경상수지,2017-11-21
ff6038ba7fb4,IT부품주 왜 맥못추나…원화강세로 수출부진,pessimistic,매일경제,경제지,반도체_수출,2016-08-21
e39f5f2b519f,다음주 경제지표 줄줄이…3분기 성장률·물가·경상수지,neutral,연합뉴스,통신사/방송,경상수지,2018-12-01
25b8f30576ba,"원·달러 환율, 전 거래일 대비 4.2원 내린 1,121.0원 마감",neutral,서울경제,경제지,환율_달러,2019-02-25
c6f1ec30b802,미국 1월 소비자물가 0.3%↑…석달 연속 상승,neutral,연합뉴스,통신사/방송,소비자물가,2021-02-10
08bb129aafca,"반도체 前 공정의 핵심, 증착장비 세계 첫 개발…누적 R&D 투자 1조원",optimistic,한국경제,경제지,반도체_수출,2020-08-25
f9c8ab5e56a1,8월 1~20일 수출 13.3% 감소…對일본 13.1%↓(종합),pessimistic,연합뉴스,통신사/방송,반도체_수출,2019-08-21
9e886efae6c6,"AI에 쓸모 잃은 인간, 섬뜩한 무용계급론",alarmist,동아일보,보수,고용동향,2026-03-02
b8a7a2f99199,"""코로나 장기화 여파···IMF 이후 가장 긴 경기침체""",alarmist,서울경제,경제지,경기침체,2021-02-21
a290ce81ffe6,"1,500원 찍은 환율…""상단 더 열어둬야""",alarmist,한국경제TV,경제지,환율_달러,2026-03-04
0f1a63f4a98e,"1월 청년실업률 감소, 구직포기로 인한 역설",pessimistic,매일경제,경제지,고용동향,2017-02-15
ac57dc02b69e,신용대출-주담대 금리 역전됐다,neutral,경향신문,진보,기준금리,2020-08-17
eee9be487195,"문 대통령 “ 더 강력한 부동산 대책, 주머니 속에 있다”",neutral,한겨레,진보,부동산가격,2017-08-17
34f9df9eb145,코스피-원 달러 환율 상승,neutral,연합뉴스,통신사/방송,환율_달러,2020-08-24
aced6e8bd1f2,수출 덕 제조업 체감경기 두 달째 오름세…22개월 최고치,optimistic,한겨레,진보,반도체_수출,2017-02-28
17f1cef86fe7,"강경성 ""코트라, 경제안보 기관 역할…'수출 5강' 시대 연다""",optimistic,연합뉴스,통신사/방송,반도체_수출,2025-02-27
9e20fd9cc4b7,"인도, 2분기 7.8% 高성장…서방 脫중국 수혜 본격화",optimistic,한국경제,경제지,GDP_성장률,2023-09-01
4ddce336730c,부산 상반기 가계대출 증가세…주택담보대출 영향,pessimistic,연합뉴스,통신사/방송,부동산_대출,2017-08-17
7b01ede791fa,지난해 GDP성장률 -1% 역성장…IMF이후 최저,alarmist,SBS Biz,경제지,GDP_성장률,2021-03-04
f4919d448a54,부산 무역수지 5개월 만에 적자…자동차부품 부진,pessimistic,연합뉴스,통신사/방송,수출입동향,2017-02-27
09160f094c4e,"호주, 30년 만에 경기침체 돌입···""2022년에야 회복될듯""",pessimistic,서울경제,경제지,경기침체,2020-09-02
ef2c6220949f,"가계빚, 증가 속도 빨라지고 부실화 위험성도 더 커졌다",alarmist,경향신문,진보,부동산가격,2017-02-21
bc6f356cdebc,당첨 안되는 이유 있었네…청약통장 모집단 검거,neutral,연합뉴스,통신사/방송,부동산가격,2018-09-04
3069dbceba7c,'최저임금 역풍' 도소매·숙박·음식점 등 일자리 7.5만개 감소,pessimistic,서울경제,경제지,고용동향,2018-02-14
48f24d815a90,어긋난 '노동 톱니바퀴'…이민자 없인 2050년 GDP 2만弗도 위태,alarmist,서울경제,경제지,GDP_성장률,2023-08-21
a813a58b7683,'무더위·폭우탓' 소비자물가 2.6%↑…5년4개월만에 최대폭(종합),alarmist,연합뉴스,통신사/방송,소비자물가,2017-09-01
4af6854608d8,"러, 서방 제재 비웃으며 중앙아 '뒷문'으로 반도체·드론 공수",neutral,연합뉴스,통신사/방송,반도체_수출,2024-03-04
a01180b54f05,2월 광주전남 소비자물가 상승…배춧값 급등,pessimistic,연합뉴스,통신사/방송,소비자물가,2020-03-03
7cdc785f20a4,워시發 미 국채 금리 상승 가능성,neutral,한국경제,경제지,국채_금리,2026-02-27
585b4bd17111,로버트 월터스 '글로벌 연봉조사 2017' 발표···영업 및 마케팅 전문인력 국내 채용 수요 증가 예측,optimistic,서울경제,경제지,고용동향,2017-02-02
7a39a94ebec9,"신중한 한은, 코로나19에도 기준금리 '동결'…""더 지켜볼 듯""",defensive,한국경제,경제지,가계부채,2020-02-27
dcb2832ca312,"""국채금리 떨어진 지금이 회사채 투자 적기""",optimistic,매일경제,경제지,국채_금리,2024-08-12
59bbc1352958,조선업 일자리 상반기에만 2만7000개 사라진다,pessimistic,동아일보,보수,고용동향,2017-02-01
2f38f3a0c50b,최저임금 인상의 후폭풍,alarmist,한국경제,경제지,최저임금,2021-02-19
5997f0c5832b,농협도 주담대 금리 낮춰 가계빚 다시 증가 우려도,neutral,매일경제,경제지,기준금리,2025-03-04
447a92b3d031,청년실업률 개선됐을까…5월 고용동향 주목,neutral,연합뉴스,통신사/방송,고용동향,2016-06-11
2b7154e7d010,"한은, 기준금리 동결…가계부채 부담에 '숨 고르기'",neutral,연합뉴스TV,통신사/방송,가계부채,2025-07-10
ec65f39d8900,2월 美 고용 성적표…둔화세 확연해졌을까,neutral,조선일보,보수,GDP_성장률,2023-03-04
ea6434e47043,기준금리는? 시중금리가 따라 가는 '중앙은행 정책금리',neutral,한국경제,경제지,기준금리,2016-09-02
5312f2b7f168,"원/엔 환율 1,010원대로 상승…원/달러 1,146.3원 마감",neutral,연합뉴스,통신사/방송,환율_달러,2017-02-17
f0c62def80e9,광주·전남 소비자 물가 2개월 연속 상승,neutral,연합뉴스,통신사/방송,소비자물가,2020-09-02
f6540fb19ddf,"기술냉전의 시대...美, 엔비디아 등에 최첨단 반도체 中 수출 중단 통보",alarmist,조선일보,보수,반도체_수출,2022-09-01
0c9a3c2ea0a6,"역대 최대로 벌어진 소득 격차…""최하위층에 자영업자 증가 영향""",comparative,SBS,통신사/방송,고용동향,2019-08-22
0ae88d67e35f,원/달러 환율 소폭 상승…위안화 약세에 연동,neutral,연합뉴스,통신사/방송,환율_달러,2020-03-03
caa6e83f892b,'강탈한 최저임금 돌려놔!',alarmist,연합뉴스,통신사/방송,최저임금,2019-08-20
cc062020bb4f,미중 3차 고위급 협상 앞두고 긴장감…원/달러 환율 상승,alarmist,연합뉴스,통신사/방송,환율_달러,2019-02-19
14fc9f57f4d2,"원·달러 환율 하락…1,124.2원(-0.5원)",neutral,한국경제,경제지,환율_달러,2019-03-04
883411371e91,일본 2분기 경제성장률 1.5%···25년 만에 한국경제 역전당하나,comparative,경향신문,진보,GDP_성장률,2023-08-15
fe1b0e8a83db,<2016 부동산결산> 재건축·청약과열 '후끈'…대책후 '내리막',neutral,연합뉴스,통신사/방송,부동산가격,2016-12-20
44b87cd80ea3,"듣도보도 못한 조작 산출…최저임금 정하고, 공식 끼워맞췄다",alarmist,중앙일보,보수,최저임금,2023-08-03
ec651a005ad3,日 최저임금 역대 최대 3.3% 올린다,neutral,매일경제,경제지,최저임금,2022-08-02
1e2e15880288,美 1분기 경상수지 적자 확대...수입 증가 탓,pessimistic,서울경제,경제지,경상수지,2018-06-20
423d1276cf48,"수출입은행, 해외PF 공동지원 위한 'IB·국내금융기관 세미나' 개최",neutral,한국경제TV,경제지,수출입동향,2016-12-13
0fbf22e9f3ba,"경자유전 꺼낸 李대통령, 이번엔 '투기용 농지' 정조준…부동산 전선 확대",neutral,한국경제,경제지,부동산가격,2026-02-24
477ce07e4f90,노후 자산 활용 역모기지 ‘주택연금’ 가입해볼까... 3억 짜리 주택 보유한 만 65세 월 75만원 수령,neutral,매일경제,경제지,가계부채,2019-03-05
896f44c585ca,"원화, 달러外 통화들에 강세…수출여건 악화 소지",pessimistic,연합뉴스,통신사/방송,환율_달러,2017-02-21
30eff8b4e64a,"원/달러 환율 1,220원대 돌파…6개월만에 최고…사흘새 30원 ↑",alarmist,연합뉴스,통신사/방송,환율_달러,2020-02-24
ba79179368b8,美 금리인상 임박...금융·수출주 찜해볼까,neutral,서울경제,경제지,반도체_수출,2016-08-29
d91e9c381f47,"'규제 사각지대' P2P 대출, 집값 90% 빌릴 수 있다는데…",alarmist,조선일보,보수,부동산_대출,2018-09-04
95dc42a54b14,수출 3개월 연속 감소 '비상'…중국 경기둔화·반도체값 하락 탓,alarmist,연합뉴스,통신사/방송,반도체_수출,2019-03-01
8d60538f6329,"""'축사노예' 19년 품삯, 최저임금으로 셈해도 1억8천만원 달해""",neutral,연합뉴스,통신사/방송,최저임금,2016-08-25
da3bf9ece001,뉴욕 증시 하락 마감…나스닥 1.56%↓,pessimistic,SBS Biz,경제지,국채_금리,2022-03-04
958430910008,북중 수출입 증감률 추이,neutral,연합뉴스,통신사/방송,수출입동향,2019-08-08
d407386adb24,中 지난달 생산자물가 4.3%↑…상승률 14개월來 최저,pessimistic,연합뉴스,통신사/방송,소비자물가,2018-02-09
7f77c296fc18,폭염에 신선식품값 급등…‘추석물가’ 비상,alarmist,경향신문,진보,소비자물가,2016-09-01
8407c2b7cd7d,1월 소비자물가 상승률 17개월 만에 최저…“설 물가 감시 강화”,optimistic,SBS Biz,경제지,소비자물가,2018-02-01
5569b612bdde,수출액 8% 줄었지만…반도체는 40% 늘어,defensive,서울경제,경제지,반도체_수출,2024-02-21
badade66141c,"달아오르는 브라질국채, 리스크는 없나",neutral,서울경제,경제지,국채_금리,2017-02-19
791697407141,'광명·시흥 신도시' 반사이익?···시흥 아파트값 '껑충',alarmist,서울경제,경제지,부동산가격,2021-03-04
a82c374bb698,"CFRA ""美 증시, 경기침체 우려에도 연말랠리 향하는 길""",defensive,한국경제TV,경제지,경기침체,2023-08-22
3e19adfa5075,사람 대신 장바구니 200개 '오픈런'…日서 '진풍경' 벌어진 이유,neutral,한국경제,경제지,GDP_성장률,2023-09-03
bfcb9a8836c0,"P2P투자, '고고단' 좇다간…쪽박 찰 수도",alarmist,한국경제,경제지,부동산_대출,2019-02-24
857540e994a1,`외식물가·배달비` 공개…가격통제 나선 정부,neutral,한국경제TV,경제지,물가_인상,2022-02-23
ce9957401d14,"므누신 美 재무장관 ""美 장·단기 국채 금리차… 좁혀져도 경기침체 우려 없다""",defensive,한국경제,경제지,경기침체,2018-08-29
8ce624bd1ff4,올 추석 차례상 '채소·과일' 패싱?…시금치·수박값 한달새 2배↑,alarmist,한국경제,경제지,소비자물가,2018-09-04
5be31ac4cb3e,“우리 회사는 올려준대?”...올해 임금인상 기업 살펴보니,neutral,매일경제,경제지,최저임금,2023-03-03
18d9bcdbe2e2,물가상승 대비하는 자산시장…금투자 매력엔 전문가도 '이견',neutral,연합뉴스,통신사/방송,소비자물가,2020-08-16
562e8f5f5466,우유가격 인상 신호탄,neutral,서울경제,경제지,물가_인상,2018-08-08
3cf26c561d2d,1월 취업자 10만8천명 증가…13개월 만에 최소폭,pessimistic,한겨레,진보,고용동향,2026-02-11
64857145f76b,더 세진 日 확장재정…증시·국채금리 급등,alarmist,서울경제,경제지,국채_금리,2026-02-09
273c3d6b4a8d,"1월 수출 11.2%↑, 4년 만에 최고치 '무역수지도 60개월 연속 흑자'",optimistic,서울경제,경제지,수출입동향,2017-02-01
82e51c5b786d,7월 취업자 29만 9천 명↑…실업률도 19년 만에 최고,defensive,SBS,통신사/방송,고용동향,2019-08-14
40c993ac4280,"한덕수, 택시비 묻자 ""1000원 쯤?""...물가 모르는데 물가 잡기?",neutral,SBS Biz,경제지,물가_인상,2023-08-31
a837deae942d,"홍남기 ""가계부채 리스크 줄일 대안, 다음달 중 발표""",neutral,연합뉴스,통신사/방송,가계부채,2021-02-16
a8b7b1f46208,국고채 금리 연중 최고 육박...원달러 환율 치솟아,alarmist,서울경제,경제지,기준금리,2019-02-28
b6b09d78a833,"통계청, 신종코로나로 전국 사업체조사 연기…대면조사 부담",neutral,연합뉴스,통신사/방송,고용동향,2020-02-11
70b9fe4a0be1,미국 경기침체 없다?…'무착륙 시나리오' 부상,defensive,한국경제TV,경제지,경기침체,2023-02-13
4a6f707b9356,美 국채금리 4년來 최고…글로벌 증시 흔드나,alarmist,매일경제,경제지,국채_금리,2018-02-21
aeabc926a9dd,마트휴업·최저임금 정책을 ‘인기투표’로 결정하겠다는 대통령실,neutral,한겨레,진보,최저임금,2022-07-27
dc482939027c,원·달러 환율 한때 1500원 돌파…2009년來 처음,alarmist,매일경제,경제지,환율_달러,2026-03-04
f90f52cc8215,"SK증권 ""美 금리인상 가능성 확대…증시 영향은 제한적""",defensive,연합뉴스,통신사/방송,기준금리,2016-08-29
f3c43c6a3f26,美국채금리 하락에 금융주 된서리,pessimistic,서울경제,경제지,경기침체,2022-03-02
8f220e343875,"""최저임금 전국 꼴찌는 안돼""…눈치 전쟁 벌이는 日지자체",comparative,한국경제,경제지,최저임금,2025-09-03
362320534682,"한은, 물가 목표 10년만에 '3%대'…‘스태그플레이션’ 결국 현실화하나",alarmist,서울경제,경제지,물가_인상,2022-02-24
6c457b20bb0c,"'관세전쟁'에 美 서민들 한숨…""물가 얼마나 오를지 걱정""",alarmist,연합뉴스,통신사/방송,물가_인상,2025-03-05
67a3913a593e,인구 감소·부동산 곤두박질…울산동구 '조선 침체'의 끝 어디,alarmist,연합뉴스,통신사/방송,경기침체,2018-01-20
eb64a9b6c7de,"증시 하락, 환율 상승",pessimistic,연합뉴스,통신사/방송,환율_달러,2021-03-04
a058c971ec68,6월 경상수지 흑자 121.7억달러…사상 최대,optimistic,연합뉴스,통신사/방송,경상수지,2016-08-01
50d340a86f8d,허리케인 하비 탓에 美 성장률·금리인상에 '빨간 불',alarmist,연합뉴스,통신사/방송,GDP_성장률,2017-08-30
86a1f5c2ba05,"미 국채·뉴욕증시 '동반거품' 빠지나…""과열 해소 국면""",defensive,연합뉴스,통신사/방송,국채_금리,2018-02-03
c28d3fbe49a7,수출 11개월 연속 감소에도…수입 더줄어 석달째 '불황형 흑자',defensive,중앙일보,보수,반도체_수출,2023-09-01
3978c6c006f5,트럼프 반이민정책에 글로벌증시 일제히 하락,pessimistic,매일경제TV,경제지,수출입동향,
5a48a7b94a55,미국 국채금리 연 3% 시대 성큼… 투자 전략은?,neutral,한국경제,경제지,국채_금리,2018-02-23
6a31be76b355,9월 물가쇼크 현실로…라면·과자·우유 값 일제히 오른다,alarmist,SBS Biz,경제지,물가_인상,2021-08-31
50f2a03a7cb4,채소가격 상승으로 치솟은 소비자물가,alarmist,연합뉴스,통신사/방송,소비자물가,2017-09-01
8e635ba4261f,"""경제지식 없는 고등학교 경제교과서…성장 부정적 측면 강조""",neutral,연합뉴스,통신사/방송,부동산_대출,2021-09-01
351d73d0e5d1,올해 최저임금 9천160원,neutral,연합뉴스,통신사/방송,최저임금,2022-01-02
9497166c6a46,세상에 없는 나의 기억들,neutral,연합뉴스,통신사/방송,부동산가격,2022-03-03
6b85a4529b83,16일 FOMC 의사록 공개 … 美국채금리 '주목',neutral,매일경제,경제지,국채_금리,2023-08-13
663d79257ef4,해외부동산 메자닌투자에 꽂힌 큰 손들,neutral,서울경제,경제지,부동산_대출,2016-08-29
f198af8c8109,원/달러 환율 보합권 출발…달러 약세에도 하단 지지,neutral,연합뉴스,통신사/방송,환율_달러,2020-08-18
d3b44a5304c0,5대銀 정기예금 760조 돌파…대출보다 72조 더 많아,neutral,서울경제,경제지,가계부채,2022-09-01
dc1e5f004499,국민연금 국내 부동산 대출 출자 ‘한산’…경업 금지 조항 탓,neutral,한국경제,경제지,부동산_대출,2024-09-05
7658a3d07cf1,"여야 일부 초선, 5개월 만에 재산 6억∼17억원 늘어",neutral,연합뉴스,통신사/방송,부동산가격,2020-09-04
e467bff55036,수원·안양·의왕 ‘핀셋 규제’…‘12·16 대책’ 풍선효과 차단,neutral,경향신문,진보,부동산_대출,2020-02-20
a36e206c8a98,"남녀 임금격차…대졸이 가장 크고, 나이 들수록 벌어져",comparative,연합뉴스,통신사/방송,고용동향,2017-09-03
141d84ca350f,2월 반도체 수출액 16개월 만에 ‘감소’,pessimistic,경향신문,진보,반도체_수출,2025-03-02
86fa88564b1d,KB국민은행 / KB 1코노미 스마트적금,neutral,매일경제,경제지,기준금리,2018-09-04
54c0fa01c6f2,"이주열 ""2월 기준금리 '유지' 결정 전원일치""",neutral,한국경제,경제지,기준금리,2021-02-25
e1897c5a20dc,"코스피, 반도체주 덕에 이틀 연속 상승…코스닥도 올라",optimistic,SBS Biz,경제지,반도체_수출,2025-09-04
746d640ce881,"대환대출, 가계부채 증가 ‘절반만 반영’ 검토",neutral,SBS Biz,경제지,가계부채,2025-02-28
95c1a8daa9cc,"""한국경제 여러 난관 있지만 올 세계 5대 수출국 오를것""",defensive,매일경제,경제지,경기침체,2017-09-05
2c66e9407d60,상반기 경상수지 흑자 7년만에 최저…수출 부진,pessimistic,SBS Biz,경제지,경상수지,2019-08-07
ec4caf8c6347,국내 최저임금 갈등 핵심엔 ‘영세 음식·숙박업’,neutral,한겨레,진보,고용동향,2018-02-20
2a165a0e6dbb,"지난주 유가 3% 급락…美 뉴욕 연은 총재 ""금리인하 몇 달 더 걸린다""",pessimistic,한국경제,경제지,기준금리,2024-02-25
83d03d34b255,맥킨지 우울한 전망 “빅8 경제대국만 1억명 실직위기 온다”,alarmist,중앙일보,보수,고용동향,2021-03-01
f238e755d15a,"신한은행, 비대면 근저당권 해지 프로세스 도입",neutral,연합뉴스,통신사/방송,부동산_대출,2018-02-21
4b893fdac965,"4월부터 국민연금급여 월평균 7천원, 최대 3만8천원 올라",optimistic,연합뉴스,통신사/방송,소비자물가,2018-02-28
876411ed200b,'최저임금 제도 개선' 광화문에 모인 소상공인,neutral,연합뉴스,통신사/방송,최저임금,2018-08-29
7ce42b953196,"뉴욕증시, 2월 실업률 발표…개선 땐 인플레 우려",neutral,한국경제,경제지,고용동향,2021-02-28
f7dacd9dbdf7,이재갑 고용장관 후보 인사청문안…다운계약서 공방일 듯,neutral,연합뉴스,통신사/방송,부동산가격,2018-09-04
2a9e4fd24f45,'환율조작?' 對美 상품수지 흑자비중↓·서비스적자는 사상최대,pessimistic,연합뉴스,통신사/방송,경상수지,2017-02-19
891714d0076a,"""가계부채 대응 시급"" …첫 회동 한은·금융위 수장, 한 목소리 냈다",alarmist,중앙일보,보수,가계부채,2021-09-03
ededd5b58289,"작년 4분기 부산 수출입, 2024년보다 모두 감소",pessimistic,연합뉴스,통신사/방송,수출입동향,2026-02-20
93dd03091038,"S&P ""韓 가계부채 리스크 확대···신용위기 가능성은 적어""",defensive,서울경제,경제지,가계부채,2018-12-30
b3915b465940,수출입 화물이 쌓여 있는 부산항 신선대부두,neutral,연합뉴스,통신사/방송,수출입동향,2025-12-01
317bf1933e9a,"""경기침체 막아라""…금리인하 이어 재정동원 부양책 확산",neutral,연합뉴스,통신사/방송,경기침체,2019-08-28
bfeeace7621d,"'부동산 풍자' 기안84, 이번엔 'N포 세대' 풍자 ""결혼까지 욕심낸다니 불행의 시작""",neutral,서울경제,경제지,부동산가격,2021-03-03
7572def4e543,"뉴욕증시 하락 마감…""관세 불확실성·국채금리 급등 부담""",pessimistic,한국경제,경제지,국채_금리,2025-09-03
f3f55fa18e7d,내일까지 최저임금 범위 개편…노사 간 의견 좁혀지나,neutral,SBS Biz,경제지,소비자물가,2018-03-05
e0d62af24738,"""정치 혼란에 가장 타격받는 건 서비스·자영업""",pessimistic,한국경제,경제지,고용동향,2017-01-31
308d388c20a6,작년 광주·전남 무역수지 151억 달러 흑자…전년비 12%↑,optimistic,연합뉴스,통신사/방송,수출입동향,2017-01-23
84d7d7ef21c5,"표심 얻고, 고용지표 끌어올리고…보수도 진보도 '알바 늘리기' 급급",neutral,한국경제,경제지,고용동향,2019-08-21
ed862fc5fac5,"1월 소비자물가 상승률 1.0%로 안정…정부 ""설물가 감시강화""(종합2보)",optimistic,연합뉴스,통신사/방송,소비자물가,2018-02-01
0100214c8bc5,"한은총재 ""높게 달린 과일만 남아…고통 수반된 구조개혁 필요""",neutral,SBS,통신사/방송,GDP_성장률,2024-03-05
761f7dfc88f0,"무역협회 ""호르무즈 봉쇄 시 해상운임 최대 80% 폭증""",alarmist,매일경제TV,경제지,수출입동향,
2322b499046d,"95억 빌딩 산 유튜버, 직원은 최저임금 미달?… ""단순 입력 실수""",neutral,조선일보,보수,최저임금,2020-01-15
59e9b8817307,'고용한파' 청년 강타 … 실업률 5년來 최고,alarmist,매일경제,경제지,고용동향,2026-02-11
f46891560635,국민은행 美 달러에 투자하는 ETF 3종 출시,neutral,서울경제,경제지,환율_달러,2017-02-19
46ad870b3457,7월 은행 가계대출 금리 3.73%…예금금리는 하락,neutral,매일경제,경제지,기준금리,2018-08-28
27e7f7e66b42,"민주당 ""美 기준금리 인하, 한은의 적절한 판단 기대""",neutral,서울경제,경제지,기준금리,2020-03-05
2fd1b11e5eea,"""2개 언어 능통자·세무 전문가…경력시장  선호 1순위""",neutral,한국경제,경제지,고용동향,2017-02-06
75f8dcd94503,日·유로존 2분기 경제성장률 및 7월 CPI 관심,neutral,서울경제,경제지,GDP_성장률,2023-08-13
0e1eec970614,"파월 ""적절하다고 판단시 기준금리 추가 인상 준비""",neutral,한국경제TV,경제지,기준금리,2023-08-25
9cc03455bdb5,경제 지표 부진·국채 금리 급등에 혼조세…나스닥 0.66%↓,pessimistic,한국경제,경제지,국채_금리,2023-03-02
23d4ca9c2a2c,"산업부, 北미사일 발사 실물경제 영향 24시간 모니터링",neutral,연합뉴스,통신사/방송,수출입동향,2017-02-13
9e337c80d6a5,이재명“용인반도체클러스터 통해 첨단산업 도약 적극 지원”,optimistic,서울경제,경제지,반도체_수출,2021-03-03
082d0f2dbe6e,불확실성 큰 시기…한은 금리 연 1.75%로 일단 동결(종합),neutral,연합뉴스,통신사/방송,가계부채,2019-02-28
f1ec8bbeafb1,윤창현 미래통합당 국회의원 | 부동산 중장기 수급대책 필요… 채찍·당근 조화를 “기부금 투명성 강화해야… 사모펀드 비리 발본색원”,neutral,매일경제,경제지,부동산가격,2020-08-26
8aa332d5533a,6월 경상수지 두 달 연속 흑자…수출보다 수입 더 줄어,pessimistic,연합뉴스,통신사/방송,경상수지,2023-08-08
270af976d4b4,"전주고용지청, '서면 근로계약·최저임금 위반' 집중 점검",neutral,연합뉴스,통신사/방송,최저임금,2016-09-05
a8ec61848cf0,"잡코리아 ""상반기 대기업 대졸 신입 공채 8.7% 감소 전망""",pessimistic,SBS,통신사/방송,수출입동향,2019-02-26
5967ad8c17fa,"김동연 ""보유세 인상 신중해야…지금 단계선 검토 안해""",neutral,연합뉴스,통신사/방송,부동산가격,2017-09-03
35c53c6057bf,통계청 “소비자물가 0.04%↓”…사실상 첫 마이너스,alarmist,중앙일보,보수,소비자물가,2019-09-03
04bcee549732,금시세 '들썩'… 북핵 리스크 여파?,alarmist,한국경제TV,경제지,국채_금리,2017-09-04
ada887c61d83,코로나 피해 자영업자 40만명에 빚 최대 15억 탕감,optimistic,조선일보,보수,부동산_대출,2022-08-29
69d4f6df02b9,11월 경상수지 흑자 89.9억달러…수출입 플러스 전환,optimistic,한국경제TV,경제지,경상수지,2017-01-04
b24e47c02a25,"검찰, ‘부동산 PF 대출비리’ 증권사 직원 압수수색",neutral,조선일보,보수,부동산_대출,2025-01-14
2447214e77a0,지칠 줄 모르는 세계 부동산 시장 상승세…내년에는 잡힐까?,neutral,한국경제TV,경제지,부동산가격,2017-12-05
c4e481c17ad8,"수출 증가율 두자릿수 회복…1∼10일 18.9%↑, 반도체 주도(종합)",optimistic,연합뉴스,통신사/방송,반도체_수출,2018-08-13
08ce86029cae,마트 가봤더니…한우·채소·수산물 다 올랐다,pessimistic,연합뉴스,통신사/방송,소비자물가,2018-02-11
953652b7cd42,"미, 지난해 4분기 성장률 2.9%에서 2.7%로 수정",pessimistic,한겨레,진보,GDP_성장률,2023-02-23
2718097926d6,'좌충우돌' 이복현에…주담대 대책 9번 쏟아낸 은행들,neutral,한국경제,경제지,가계부채,2024-09-05
57fdff9ca448,美실업수당 신청 늘고 고용 반토막…고용 둔화에 '금리 인하' 분수령,pessimistic,중앙일보,보수,기준금리,2025-09-05
7cfbb0666be6,"신협, '신한카드 연계' 최고 연 8% 금리 정기적금 출시",neutral,연합뉴스,통신사/방송,기준금리,2022-03-03
5686e77c6a57,8월 1∼20일 수출 7.0%↓…7월 한달 감소폭 수준(종합),pessimistic,연합뉴스,통신사/방송,반도체_수출,2020-08-21
5a4bfe0596cb,상반기 경상수지 흑자 6년 만에 최소,pessimistic,조선일보,보수,경상수지,2018-08-04
f7266ccf063a,"정부 ""가계부채 증가율 3.8% 내로 일관되게 관리""",neutral,연합뉴스TV,통신사/방송,가계부채,2025-02-27
12eb0ff24449,청년실업률·집값 고공행진에 작년 결혼 6.1% 줄었다,pessimistic,SBS,통신사/방송,부동산가격,2018-02-28
e31e176be16c,3분기 GDP 성장률 0.7%...건설로 버텼지만 4분기째 0%대,defensive,서울경제,경제지,GDP_성장률,2016-10-25
8623e103da0f,"한은, 6월 경상수지 121억7000만달러 흑자…‘사상최대’ (종합)",optimistic,매일경제,경제지,경상수지,2016-08-01
5bcd0d58454a,"미국 증시, 12월 금리인상 기대 '상승'…다우 0.58% 올라",optimistic,한국경제,경제지,기준금리,2016-08-30
419f80dae0d4,1월 수출 11% 증가…국내 경기는 여전히 ‘주름살’,defensive,경향신문,진보,수출입동향,2017-02-01
d7127af92acd,한은 기준금리 0.75%로 인상…성장전망치 4% 유지,neutral,연합뉴스TV,통신사/방송,물가_인상,2021-08-26
89e1be2a521c,"백운규 ""누진제 폐지하면 1천400만가구 전기요금 올라""(종합)",neutral,연합뉴스,통신사/방송,고용동향,2018-08-20
f70b550d3258,'부동산 전쟁'…지방선거 최대 변수 되나,alarmist,연합뉴스TV,통신사/방송,부동산가격,2026-02-07
51b8c5b276c4,가계 빚 1700조 시대...'빚투''영끌' 열풍에 증가 속도 불붙어,alarmist,중앙일보,보수,부동산_대출,2021-02-23
144ef0041082,가계부채 질 악화…2금융권 대출 급증,pessimistic,한국경제TV,경제지,가계부채,2019-12-04
359cc4e0018f,"경기도, 법인·외국인 대상 '토지취득 허가구역' 지정 추진(종합)",neutral,연합뉴스,통신사/방송,부동산가격,2020-09-03
0f260fb80f60,1월 19일 미국증시 시황정리...美 국채금리 급등,alarmist,한국경제TV,경제지,국채_금리,2022-01-19
20ea8e4c1d3c,"5월 경상수지 흑자, 8개월만에 최대",optimistic,연합뉴스,통신사/방송,경상수지,2018-07-05
efd77fd40362,"옐런 미 연준 의장, 금리인상 시사했지만 시점은 안밝혀",neutral,경향신문,진보,물가_인상,2016-08-26
00cd273bac45,"수출 증가세 '빨간불'…1∼20일 수출, 연휴 영향에 3.9%↓",alarmist,SBS,통신사/방송,반도체_수출,2018-02-21
90d384e70858,지난달 수출 11.4% 증가…11개월 연속 플러스,optimistic,SBS Biz,경제지,반도체_수출,2024-09-02
02666c959edd,전액 보증 받았는데…中企 대출금리 제각각,neutral,매일경제,경제지,기준금리,2019-09-04
fbf0a362ae1f,버거킹 와퍼 가격 100원 인상···‘야금야금’ 오르는 외식물가,pessimistic,경향신문,진보,물가_인상,2018-03-01
4062231ea483,"주택담보대출 심사 강화, 부동산 시장에 새로운 투자처 ‘눈길’",neutral,경향신문,진보,부동산_대출,2016-03-07
cf38d9b534c0,"한은, 연 2.75%로 금리 인하…다시 2%대 진입",optimistic,경향신문,진보,기준금리,2025-02-25
79333a3a100a,"""대만, 대러제재 동참…반도체 등 수출금지할 듯""",neutral,연합뉴스,통신사/방송,반도체_수출,2022-02-24
871e0a92d1c1,"소상공인 61% 거리두기 '3단계' 격상 우려...""이미 벼랑끝으로 내몰린 상황""",alarmist,경향신문,진보,경기침체,2020-09-02
d54f3e8b55f6,서울 강남권 내리고 수도권은 상승세,comparative,매일경제,경제지,부동산가격,2026-03-05
ecc924825c79,기준금리 8개월째 1.25% 유지…불확실성ㆍ가계빚탓,neutral,연합뉴스TV,통신사/방송,기준금리,2017-02-23
6f3588bfebbf,"""약간의 인플레는 보약""… 미국 국채금리 급등에도 '용수철 장세' 연출",defensive,한국경제,경제지,국채_금리,2018-02-18
ef9e38d87ead,‘유럽의 병자’ 전락한 독일…“닮은꼴 한국에 시사하는 바 커”,alarmist,한겨레,진보,GDP_성장률,2023-09-03
20929c02743c,<프로축구> 인천 김도훈 감독 사임…이기형 코치 '사령탑 대행',neutral,연합뉴스,통신사/방송,경기침체,
2f440074d7af,"한은 ""달러 유동성 풍부…CDS 프리미엄 안정적 수준""",optimistic,SBS,통신사/방송,환율_달러,2026-03-04
85cc92faf0b5,11월 경상수지 71억달러…19개월 연속 흑자,optimistic,한국경제TV,경제지,경상수지,2022-01-11
cb5f64910b3a,7월 경상수지 107억달러 흑자…반도체·자동차 수출 호조에 역대 7월 중 최대,optimistic,경향신문,진보,경상수지,2025-09-04
adc24f4b21dc,금리 오르는데… 힘 못쓰는 뱅크론펀드,pessimistic,한국경제,경제지,기준금리,2018-03-01
c742f77fb652,"원·달러 환율, 전날 대비 5원15전 내린 1,119원85전 마감",neutral,서울경제,경제지,환율_달러,2016-08-30
6e0e79ca1f26,'부동산 가격 급등'에 보금자리론 연말까지 사실상 중단,alarmist,연합뉴스,통신사/방송,부동산가격,2016-10-15
c46f610c9f78,"‘상생’ 이랜드리테일, 추석 맞아 협력사 납품대금 1000억 조기지급",optimistic,동아일보,보수,최저임금,2019-09-05
4608ae03611b,"툭하면 금융발작…국채금리 11년來 최고, 환율 또 연고점",alarmist,서울경제,경제지,국채_금리,2022-09-01
abd8457bbc4f,반도체 수출 활황에…6월 경상수지 사상 최대 142.7억 달러 흑자,optimistic,SBS,통신사/방송,경상수지,2025-08-07
f9864e0b1b11,달러 번 만큼 그대로 나갔다,neutral,한국경제,경제지,경상수지,2026-02-06
1dce3fd71f8b,'유로존 맏형' 독일마저…마이너스금리 국채 발행,pessimistic,한국경제,경제지,국채_금리,2016-07-14
36df13c1f8b6,금감원 '무늬만 사업자대출' 차단…빅테크 'IT리스크' 현장검사(종합),neutral,연합뉴스,통신사/방송,부동산_대출,2022-02-14
e0f479948e39,"이주열 ""GDP 대비 가계부채 총량 분명히 문제""(종합)",alarmist,연합뉴스,통신사/방송,가계부채,2017-02-23
08ab48881ba2,7월 소비자물가 상승률 0.7%…10개월 만에 최저,optimistic,매일경제TV,경제지,소비자물가,
9c4696868ab1,"10년 만에 3% 물가 전망한 한은, 금리 인상 페달 계속 밟는다",alarmist,서울경제,경제지,물가_인상,2022-02-24
52cb7073cc1b,원·달러 환율 한때 1500원 돌파…금융위기 이후 17년만,alarmist,한겨레,진보,환율_달러,2026-03-04
c478734e3804,"중국, 미국 틱톡인수 막판에 '수출규제' 재뿌리기",neutral,연합뉴스,통신사/방송,반도체_수출,2020-08-30
6032d597f600,文대통령 “고용상황 매우 심각…범부처적 총력체계로 대응하라”,alarmist,동아일보,보수,고용동향,2021-02-16
dbe5642f5ecc,중국 11월 소비⋅수출입⋅생산 모두 부진,pessimistic,조선일보,보수,수출입동향,2018-12-14
195a1525b3b1,금융시장 뒤흔든 ‘상호관세 불법 판결’…국채금리 급등하고 뉴욕증시 하락,alarmist,매일경제,경제지,국채_금리,2025-09-03
3d16ccdb5bc5,"홍남기, ""16.5조 규모 SOC 사업 하반기 신속 집행""",neutral,서울경제,경제지,고용동향,2019-08-14
cb75050ef255,"이주열 총재 “최저임금 인상, 고용에 부정적 영향”",pessimistic,경향신문,진보,최저임금,2018-08-31
fd003c5bbcc8,코로나19 변곡점마다 환율이 가장 먼저 움직였다,neutral,연합뉴스,통신사/방송,환율_달러,2020-02-25
db6e7eb43f38,"유가 급등에 인플레 공포 엄습 … 다이먼 ""장기전땐 물가 위험 심각해질 것""",alarmist,매일경제,경제지,기준금리,2026-03-03
6e901688483d,李 지지율 6주만에 '하락'...서울·영남권서 내려,neutral,한국경제TV,경제지,부동산가격,2026-03-02
cea447054d2e,"스페인 총리, '월 130만원' 최저임금 즉각 인상 약속",neutral,연합뉴스,통신사/방송,경기침체,2021-09-02
e10037a6dc91,지난달 취업자 29만 9천명 증가…18개월만에 최대,optimistic,연합뉴스TV,통신사/방송,고용동향,2019-08-14
bf6cc8afdf29,"다주택자 규제지역 내 주택담보대출, LTV 30%까지 가능",neutral,한국경제TV,경제지,부동산_대출,2023-03-02
be19acf3be1b,"“여보, 상추는 눈치껏 반씩 뜯어 먹자”...쌈채소 폭등에 밥상물가 비상",alarmist,매일경제,경제지,물가_인상,2024-08-29
d003628accc5,"원·달러 환율, 전날 대비 5.9원 오른 1,14.5원 출발",neutral,서울경제,경제지,환율_달러,2018-08-31
535d2d28618c,수출 회복세 네 달째 확대…4년 만에 두 자릿수 증가,optimistic,한국경제,경제지,반도체_수출,2017-02-11
36c11d80a705,"'가계부채 주범' 지목된 50년 만기 주담대, 한달새 2조원 급증",alarmist,SBS Biz,경제지,가계부채,2023-08-27
fdb002d5458c,6월 경상수지 63억8천만 달러 흑자…두 달 연속 흑자 기록,optimistic,매일경제TV,경제지,경상수지,
a8eeae1c52e8,"연준, 금리인상은 언제?...'트럼프 예산안'에 달렸다",neutral,서울경제,경제지,물가_인상,2017-02-23
c4722f6bce48,가계부채 위기 대응을 위한 개인 채무조정 제도개선 방안 토론회,neutral,연합뉴스,통신사/방송,가계부채,2023-01-10
a478be8a2679,"“영국, 경제적 불평등 완화 위해 최저임금 인상·강한 노조 필요”",neutral,경향신문,진보,최저임금,2018-09-05
9503abd08c0b,국고채 금리 일제히 하락…연휴 美 금리 하락분 반영(종합),optimistic,연합뉴스,통신사/방송,국채_금리,2024-03-04
2939fb6aec8e,"DSR 2019년 본격화…""퇴직 직전 목돈대출 힘들다""",pessimistic,연합뉴스,통신사/방송,가계부채,2017-08-20
d155b7346553,역대 최장 49개월… 경상수지 씁쓸한 흑자,pessimistic,동아일보,보수,경상수지,2016-05-03
9de47dd10d43,"무디스, 올해 한국 성장률 전망치 2.1%→2.0% 하향",pessimistic,연합뉴스,통신사/방송,GDP_성장률,2019-08-23
afeb66be99b9,반도체 훈풍에 경상수지 1230억달러 흑자,optimistic,SBS Biz,경제지,경상수지,2026-02-06
d0056a2766bb,"한국금융연구원 “저금리 장기화, 주택가격 상승·가계부채 증가 위험”",alarmist,SBS Biz,경제지,가계부채,2020-01-06
f903d34539e8,AI 생활지원사 사업 추진…스마트 돌봄 실현,neutral,연합뉴스,통신사/방송,경기침체,2026-03-04
e109a33e937c,"흰우유 가격 오른다…서울우유, 10월부터 출고가 3% 인상(종합)",neutral,연합뉴스,통신사/방송,물가_인상,2023-08-29
a482b4cedc12,현대硏 “올해 1~7월처럼 對中 수출 줄면 성장률 1.2%P 하락”,pessimistic,서울경제,경제지,GDP_성장률,2023-08-24
78fc834927b2,“배달 라이더도 최저임금·퇴직금 보장” 노동부 입법 추진,neutral,동아일보,보수,최저임금,2026-01-20
21bead083463,"NH농협은행, 해외법인 첫 인수…농협파이낸스캄보디아 출범",neutral,연합뉴스,통신사/방송,부동산_대출,2018-08-22
4f0b1171e005,9월 주택담보대출 소폭 늘고 부동산임대업 대출도 증가,neutral,경향신문,진보,부동산_대출,2017-10-16
7a10cc14dd23,"3년 만기 국채금리, 3년 9개월 만에 연 2.3% 돌파(종합)",alarmist,연합뉴스,통신사/방송,국채_금리,2022-02-08
b3e884db0ee8,290원 오를 최저임금에…노동자·자영업자 나란히 한숨 왜?,pessimistic,한겨레,진보,최저임금,2025-07-11
aaa44fd7f434,"""대미 반도체 수출 6% 감소"" 전망도…'관세 폭탄'에 촉각",alarmist,한국경제,경제지,반도체_수출,2025-03-04
87633380e765,'평균→취약계층' 가계부채대책 중심이동…지원책 쏟아진다,neutral,연합뉴스,통신사/방송,가계부채,2018-06-24
251e4cac1b25,"태국, 최저임금 2년여만에 인상…""물가 급등·코로나 피해 감안""",neutral,연합뉴스,통신사/방송,최저임금,2022-08-27
870a2c98ebc7,내년 1월 국민연금 수령액 인상…올해 물가상승 반영,optimistic,SBS Biz,경제지,물가_인상,2019-12-10
e947cdc3071d,"""이재명 중대재해법 확대, 문닫으란 말""…""윤석열 최저임금 개편은 구체성 부족""",neutral,한국경제,경제지,최저임금,2022-02-21
81d8fab4adb4,美 10년 국채금리 15년 최고…서머스 “향후 4.75% 갈 것”,alarmist,서울경제,경제지,국채_금리,2023-08-17
b6336cb0a37a,가계부채 잔액 추이,neutral,연합뉴스,통신사/방송,가계부채,2021-08-20
7548398594fb,英 2분기 경제 성장률 0.6%…서비스 부문 호조,optimistic,한국경제TV,경제지,GDP_성장률,2024-08-15
2f33442f1a43,"'갈등 관리' 모드…미 ""중국 경기 침체 원치 않아""",neutral,SBS,통신사/방송,경기침체,2023-08-23
1cae0640c486,수출만이 살 길? 국책기관들도 커지는 회의론,pessimistic,한겨레,진보,수출입동향,2017-02-21
1abd1d09977d,최저임금 1만320원으로 인상… 자녀 수에 따라 소득공제 한도 상향,neutral,조선일보,보수,최저임금,2026-01-01
cf983983f135,'중기 맞춤형 마이데이터'로···디지털 기업금융 1위 굳힌다,optimistic,서울경제,경제지,부동산_대출,2021-02-09
b5c7caddf84a,제2금융권 자영업자 대출 급증…부실화 우려,alarmist,연합뉴스,통신사/방송,경기침체,2016-09-04
f70dada773d2,GTX 착공…신도시 `악재` 피한 파주운정,defensive,매일경제,경제지,부동산가격,2019-08-27
1f95e0587521,"새해도 불안한 고용…취업자 33만명↑, 실업자 100만명대로 악화(2보)",pessimistic,연합뉴스,통신사/방송,고용동향,2018-02-14
60987e66826c,경기 편법 토지분양 주의보···수·용·성 가격급등 타고 기획부동산 슬며시 고개,alarmist,서울경제,경제지,부동산가격,2020-02-23
79d48bcb082b,"카카오뱅크, 내일부터 주택담보대출 금리 최대 0.85%P 인하",optimistic,한국경제,경제지,기준금리,2022-08-31
18930c4058b7,'개인투자용 국채' 사려면 미래에셋으로…단독 판매사로 최종 선정,neutral,한국경제,경제지,국채_금리,2024-03-04
af8f32cb2e44,"나라살림 적자, GDP 대비 5.1→2.6%…국가채무비율 49.8%",optimistic,연합뉴스,통신사/방송,GDP_성장률,2022-08-30
fee5daca5ca6,코로나 직격탄···수출 9.3% 급감,alarmist,서울경제,경제지,반도체_수출,2020-02-21
d18d2d3ca598,"네덜란드 총리 ""中수출통제 강화, ASML 경제이익 고려해 결정""",neutral,연합뉴스,통신사/방송,반도체_수출,2024-08-31
f0e1db84c07e,"가계부채 1,260조··· 2금융·집단대출 ‘풍선효과’",alarmist,서울경제,경제지,가계부채,2016-08-25
66ed6c628a58,"고양시, 내년 생활임금 시급 9천990원 결정",neutral,연합뉴스,통신사/방송,물가_인상,2019-09-05
433b9dd46f02,"경기불황에도 공무원 임금은 ‘나 홀로’ 인상, 배경은?",defensive,서울경제,경제지,물가_인상,2016-09-03
fbb703de3893,尹 “경제 확실히 살아나…수출증가 블록버스터급”,optimistic,조선일보,보수,반도체_수출,2024-08-29
8eb054a31e63,"금융시장 이틀째 충격…코스피 5,400도 깨져, 환율 1,480원대",alarmist,연합뉴스,통신사/방송,환율_달러,2026-03-04
978af2457a7f,"뱅크오브아메리카 ""가벼운 경기침체 전망…기업실적 둔화할 것""",pessimistic,SBS Biz,경제지,경기침체,2023-02-27
b0f3a4593762,"최종구 ""DTI 전국 확대 필요…확정은 안 돼""",neutral,SBS,통신사/방송,가계부채,2017-09-04
f3556acb3c74,부산 회… 제주 삼겹살… 휴가지 외식물가만 ‘껑충’,alarmist,동아일보,보수,소비자물가,2016-08-09
28785109fb6b,7월 개인 달러화 예금 사상최대…105억 달러,neutral,연합뉴스,통신사/방송,환율_달러,2017-08-17
b7dc95de59ac,울산시 운영 '부동산 정보 열람 웹서비스' 이용자 호응,neutral,연합뉴스,통신사/방송,부동산가격,2021-02-19
4d2603dfe8a2,'미중 무역협상' 기대감에 원/달러 환율 하락세,optimistic,연합뉴스,통신사/방송,환율_달러,2018-08-20
0bbc905f8ec2,"“좀만 도와주시면” “얼마요, 부르세요”…금융위·이 대통령의 ‘티키타카’",neutral,한겨레,진보,부동산_대출,2025-09-02
b991e0403c3f,작년 세수 규모는…올해 첫 고용성적표 내주 발표,neutral,연합뉴스,통신사/방송,고용동향,2018-02-10
796076a03fc0,"외국계 자본 ""트로피애셋 잡자""...국내 상업용 부동산 군침",neutral,서울경제,경제지,부동산가격,2016-07-14
b7774aecdd9a,최저임금 과속 1년새… 저소득층 '무직 가구' 43%→55%,alarmist,조선일보,보수,최저임금,2019-02-22
2db7aaad0c74,"기준금리 인상 이틀 만에, 정기예금에 1.6조 몰렸다",optimistic,중앙일보,보수,기준금리,2021-09-01
a30bd2bd6712,8·2 대책 후폭풍에 한산해진 경매시장,alarmist,한국경제,경제지,부동산가격,2017-09-03
a7a8fbeae4c8,"""한국뿐이랴?"" 전세계 부동산 잠식하는 '차이나 머니'의 공습",alarmist,매일경제,경제지,부동산가격,2021-08-21
10ae2b867034,"작년 가계빚, 2021년 이래 가장 높은 연간 상승률…부동산 대출 둔화에도 ‘빚투’ 영향",pessimistic,조선일보,보수,부동산_대출,2026-02-20
6b828043cfb8,"10월 해외투자, 경상수지의 3배…高환율 불렀다",pessimistic,한국경제,경제지,경상수지,2025-12-05
261a7c443595,반도체·석유 호조…경상수지 최장 흑자행진,optimistic,SBS Biz,경제지,경상수지,2017-03-03
eb89e9c9ce09,"美 반도체·배터리 동맹, 韓에 이득일까 손실일까···“中 보복 대비 나서야”",neutral,서울경제,경제지,반도체_수출,2021-02-27
8cc6f8761bb7,"美, 대러 수출통제·대형은행들 추가제재…""외환 통한 사업제한""",neutral,연합뉴스,통신사/방송,반도체_수출,2022-02-25
4360085b425a,"원/달러 환율 상승세…1,146원대 거래",neutral,연합뉴스,통신사/방송,환율_달러,2017-02-17
82f1e3ae5df4,잠자던 日 물가 1년1개월 만에↑,neutral,매일경제,경제지,소비자물가,2017-03-03
eeab00c7d56f,"반도체 -7%, 통신기기 -24%… 10대 품목 절반이 수출액 꺾였다",pessimistic,조선일보,보수,반도체_수출,2022-08-23
85b5da10c076,日국채 이자 10.9조엔 '역대급',alarmist,한국경제,경제지,국채_금리,2024-08-22
96d27bae989d,"""코로나 6월까지 계속땐 한국 올 성장률 0.5%""",alarmist,조선일보,보수,GDP_성장률,2020-02-19
1499b6f0e839,최저임금 1만원으로 인상 타당한가,neutral,한국경제,경제지,물가_인상,2017-02-24
66321a4da08d,26일 美 2분기 경제성장률 발표… 6.6% 전망,neutral,조선일보,보수,GDP_성장률,2021-08-20
dba89869f214,"""재정효과 빼면 민간 고용증가율 마이너스""",pessimistic,서울경제,경제지,고용동향,2018-10-12
a7e02dc8a838,美국채 금리는 왜 안오를까,neutral,서울경제,경제지,국채_금리,2021-08-18
09f1f2901ba4,인도네시아 최저임금 10년새 3배 상승,neutral,연합뉴스,통신사/방송,최저임금,2021-01-16
959f79dbce52,11개월 연속 감소한 수출···‘중국 경기 둔화’로 반등 시점 불투명,pessimistic,경향신문,진보,반도체_수출,2023-09-01
6daed2f4920a,반도체 호조에…작년 경상수지 1230억달러 흑자 ‘역대 최대’,optimistic,동아일보,보수,경상수지,2026-02-06
e62e96a3010b,"한경연 ""RCEP 가입시 미중 무역전쟁에도 경제 안정성 높아져""",defensive,연합뉴스,통신사/방송,경상수지,2018-09-03
59ae926db542,"국세청, 강남 4구 등 부동산 급등 지역 탈세차단 집중",neutral,서울경제,경제지,부동산가격,2018-02-12
b9eafca888ac,혜택 듬뿍 '꿀청춘 통장'…110세까지 보장 종신보험…미국 달러투자 ETF신탁,neutral,한국경제,경제지,환율_달러,2017-03-01
4d9da9ee4932,"8월 수출 17.4%↑, 연속 두자릿수 상승률 기록 '9개 상승'",optimistic,서울경제,경제지,수출입동향,2017-09-01
9f11ed85ef3f,"폭스바겐, 러 제조공정 중단·차수출도 안해",neutral,연합뉴스,통신사/방송,반도체_수출,2022-03-04
36d90a09421e,아파트 공시가격 이달 중순 공개…고가주택 큰 폭 인상 각오해야,neutral,연합뉴스,통신사/방송,부동산가격,2020-03-05
725a8f79f1ea,"'팍팍한 가계'…마이너스 대출, 대기업 대출규모 추월",alarmist,연합뉴스,통신사/방송,부동산_대출,2016-08-21
8059a7560fe2,"영끌족, 지금도 허리 휘는데…주담대 고정금리 6% 돌파",alarmist,매일경제,경제지,기준금리,2022-08-29
8c65dfcc559d,獨 새 총리에 메르츠 유력…경기침체 출구로 '재정준칙 완화' 나서나,neutral,서울경제,경제지,경기침체,2025-02-21
9e1a8160994a,트럼프 공세에 美국채 '팔자'...전쟁터 된 채권시장,alarmist,서울경제,경제지,국채_금리,2018-08-19
3f453ac822c4,"코스피, 美 9월 금리인상 우려에 나흘째 약세(종합)",pessimistic,연합뉴스,통신사/방송,기준금리,2016-08-29
ddbc393d5bc7,"와우넷 파트너 장태웅 대표 ""지수 추가 상승을 대비하자""",optimistic,한국경제TV,경제지,고용동향,2017-02-24
b5be553ac61e,"블랙스톤 보고펀드, 해외 부동산 메자닌 대출펀드 투자자 국내서 모집",neutral,한국경제,경제지,부동산_대출,2017-01-13
4ad79b449908,기초연금·가계부채·추가연장근로법 불발 … 여야 정쟁에 사라진 민생,alarmist,매일경제,경제지,가계부채,2023-01-15
823c1e6bacad,"한은 내년 성장률 석달만에 낮춰···“금리, 미 연준·가계부채 따라 추가인상 가능성”",pessimistic,경향신문,진보,가계부채,2023-08-24
d73c1240ba43,2월 1~10일 전년比 수출액 72.8% 급증...넉달째 회복세,optimistic,서울경제,경제지,반도체_수출,2017-02-11
2ca8100583eb,"인도네시아 대통령 ""10년내 1인당 GDP 1만달러 돌파 목표""",optimistic,연합뉴스,통신사/방송,GDP_성장률,2023-08-17
fe06bc9daa36,"JT저축은행 대출, 광주은행 영업점에서도 받는다",neutral,한국경제TV,경제지,부동산_대출,2016-08-16
3cf01f7542d6,7월 취업자 30만명 육박…실업자도 20년만에 ‘최다’,alarmist,SBS Biz,경제지,고용동향,2019-08-14
9c0c1dc62d5c,"NH농협은행, 부동산 담보대출 전격 중단…“11월 말까지”",alarmist,SBS Biz,경제지,부동산_대출,2021-08-20
3dd474f3b709,"‘손님이 아니라 손놈’ 안티투어리즘, 물가 상승에 생활불편 맞물려 곳곳 확산",pessimistic,매일경제,경제지,물가_인상,2024-09-05
0bcb1fe77609,홍남기 “올해 공공기관 신규채용 2만5천명 이상”,optimistic,한겨레,진보,고용동향,2019-02-13
fa66142f2ff1,"연준 긴급처방에…한은, 임시금통위 열어 ‘금리인하’?",alarmist,SBS Biz,경제지,기준금리,2020-03-04
507b262035b9,지방 `불 꺼진 집` 6년4개월 만에 最多,alarmist,매일경제,경제지,경기침체,2019-02-27
f73dbb84f317,"트럼프가 스테이블 코인 띄우는 핵심어 두가지, 중국·미국 국채",neutral,조선일보,보수,국채_금리,2025-02-13
ecde8ccd2668,기준금리 15개월 만에 인상...0.5 -> 0.75%,neutral,한국경제TV,경제지,경기침체,2021-08-26
455f660b719a,"주담대 왜, 얼마나 더 오르나…가계부채 '빨간불'",alarmist,SBS Biz,경제지,가계부채,2023-08-08
2a0fcccbac07,"""호르무즈 봉쇄 시 해상운임 최대 80% 폭증 가능성도""",alarmist,연합뉴스TV,통신사/방송,수출입동향,2026-03-01
eaa82033148d,경제난국 타개 위한 3가지 해법,neutral,서울경제,경제지,부동산_대출,2019-02-14
9ecabe94fd62,"수출입은행, ‘중동 상황 데스크’ 설치...피해 기업 금융지원",neutral,조선일보,보수,수출입동향,2026-03-03
643c49f22c6d,방학 해외여행 여파…1월 서비스수지 사상 최대 적자,pessimistic,연합뉴스,통신사/방송,경상수지,2017-03-03
4c6867ba73d4,"부동산 큰손·전문가들, 해외 유망투자처 공개",neutral,매일경제,경제지,부동산가격,2018-09-04
2f4c28385cf0,"KB투자증권 ""가계부채 종합대책, 건설株 영향 제한적""",neutral,연합뉴스,통신사/방송,가계부채,2016-08-26
406bd84c89f5,"뉴욕증시, 美 국채금리 급등·파월 발언 경계감에 하락",pessimistic,SBS Biz,경제지,국채_금리,2024-08-23
ed6970b770c9,대미 경상수지 흑자 247억달러…6년 만에 최소,pessimistic,한국경제TV,경제지,경상수지,2019-06-21
6884f10fc356,4월 경상수지 -31억2000만달러…9년 3개월 만에 `최대 적자`,alarmist,매일경제,경제지,경상수지,2020-06-04
baae913851a9,제2금융권 신용대출도 억제…26일 기준금리 인상 여부 주목,neutral,경향신문,진보,물가_인상,2021-08-22
0bb21488fc76,고용-분배쇼크 이어 성장률까지 뚝… 커지는 경고음,alarmist,동아일보,보수,GDP_성장률,2018-09-05
3b1730427d6f,"고승범 ""가계부채 모든 수단 동원""··· 추석 후 추가 규제 나온다",alarmist,서울경제,경제지,가계부채,2021-08-31
8ac81efc2ba4,월세 80만원 vs 전세대출 이자 23만원…전세로 기운 ‘월남전선’,comparative,한겨레,진보,부동산_대출,2021-08-30
667a2316a2a8,"파월 발언 주시 속 일부 연준인사들 ""기준금리 추가인하 안돼""(종합)",neutral,연합뉴스,통신사/방송,기준금리,2019-08-23
b21747dc0e7c,"美, 동맹국에도 AI 반도체 빗장…관세 대신할 새 통상압박 카드로",neutral,서울경제,경제지,반도체_수출,2026-03-06
6f087b57114a,최저임금 소모적 갈등 줄이려 ‘인상 뒤 고용 영향’ 분석,neutral,한겨레,진보,최저임금,2018-02-20
ecae9ff224a2,"한국은행 ""부동산발 가계부채가 민간소비 위축시켜""",pessimistic,연합뉴스TV,통신사/방송,가계부채,2025-11-30
e2d55af02bd3,"토스랩, 140억 투자 유치로 누적 투자 270억 달성",optimistic,동아일보,보수,수출입동향,2020-09-07
b625b64fdc05,일본 작년 11월 경상수지 31조원 흑자…22개월 연속 흑자,optimistic,SBS Biz,경제지,경상수지,2025-01-14
a5975adc4c32,"사상 최대 수출에 탄력…경상수지, 80개월 연속 흑자행진",optimistic,서울경제TV,경제지,경상수지,
48a45e8dc264,"미국 신규 실업수당 신청, 3주 만에 다시 100만건 아래로",optimistic,한국경제,경제지,경기침체,2020-09-03
240443ca5b94,연준 긴급처방 '코로나19 위기감' 역효과?…다우지수 785p 급락(종합),alarmist,연합뉴스,통신사/방송,국채_금리,2020-03-04
1c7ee5f10712,부산 해운대·남구 등 부동산 조정대상지역 해제 건의,neutral,연합뉴스,통신사/방송,부동산_대출,2018-08-24
8259457c1f31,중국 '사실상 기준금리' LPR 넉달째 동결,neutral,연합뉴스,통신사/방송,기준금리,2020-08-20
12ea431775f2,수출 11개월째 감소…수입 더 줄어 '석달 연속 흑자'(종합),defensive,연합뉴스,통신사/방송,반도체_수출,2023-09-01
a47519f94a53,"③한국경제, 스태그플레이션 태풍권 들어가나",alarmist,연합뉴스,통신사/방송,경상수지,2022-09-04
49fa3ca6e92a,"내년 재정적자 78조원…""2028년까지 GDP 3% 이내로 관리""",pessimistic,중앙일보,보수,GDP_성장률,2024-08-27
24a30679da32,"러 경제개발부, 자국 경기후퇴 경고…""2020년 성장률 2%→1.7%""",pessimistic,연합뉴스,통신사/방송,GDP_성장률,2019-08-28
203e48e86971,美 침체 공포에 반도체주 직격탄…SK하이닉스 7% 급락,alarmist,연합뉴스,통신사/방송,경기침체,2024-09-04
3173501bd46d,수출호조에 5월 경상수지 89.2억달러 흑자…2년8개월내 최대,optimistic,SBS Biz,경제지,경상수지,2024-07-05
8872a56a12e3,美금리인상 액셀밟나…글로벌증시 긴장,alarmist,매일경제,경제지,물가_인상,2018-02-22
41e1a8b2352f,지역 소상공인에 최대 5000만원 융자 지원,neutral,동행미디어 시대,기타,경기침체,2026-03-06
5c592dc05916,"하위소득 줄고, 상위소득 늘고…소득분배 집계 후 최악",alarmist,한국경제,경제지,고용동향,2019-02-21
fd594667a6c2,"日 수출규제 강화 내막…""경제산업성이 주도""",neutral,연합뉴스TV,통신사/방송,반도체_수출,2019-09-05
5f850b50bcec,국내기업 경기전망 4년만에 긍정 전환,optimistic,SBS Biz,경제지,수출입동향,2026-02-24
3a91ffafe3e6,‘예상된 기준금리 동결’…증권가 내년 2분기 인하 전망,neutral,매일경제,경제지,기준금리,2023-08-25
09acba04e419,집단대출 억제 위한 공급 줄이기…효과는 의문,pessimistic,한겨레,진보,가계부채,2016-08-25
4a94d8d8af49,서민일자리 또 11만개 사라져,alarmist,매일경제,경제지,고용동향,2018-02-14
9ec6781d577c,안 오르는게 없다고 하지만…가구 가격 인상에 리모델링 고민 커진다,pessimistic,매일경제,경제지,물가_인상,2022-09-04
619dc50c78fc,농·축·수산물 가격 3년 만에 최대 상승,alarmist,연합뉴스,통신사/방송,소비자물가,2020-09-02
72b2d79bf8d4,대출을 줄이려는 이유는 가계부채가 걱정되기 때문이죠,neutral,한국경제,경제지,가계부채,2021-08-30
7c91a2695f96,"'1월 수출, 11.4% 증가한 480억 1천만 불로 3개월 연속 증가'",optimistic,연합뉴스,통신사/방송,수출입동향,2021-02-01
43d31ae368e9,'경기침체·청탁금지법 영향' 음식점·술집 종사자 3만명↓,pessimistic,연합뉴스,통신사/방송,경기침체,2017-01-31
c30b6d549283,관세전쟁 시작도 전에…미국 제조업 회복 기대 약화,pessimistic,연합뉴스,통신사/방송,국채_금리,2025-03-04
36701ef4a5d2,"경상수지 흑자 `부메랑 효과`...환율 1,110원 붕괴",alarmist,한국경제TV,경제지,경상수지,2016-08-02
bc8e1732df02,미국 국채 3년 만에 '최장 랠리',optimistic,매일경제TV,경제지,국채_금리,
8fd70abe1e54,'저성장 터널' 진입한 한국경제…잠재성장률도 2%대로 추락(종합),alarmist,연합뉴스,통신사/방송,GDP_성장률,2017-01-25
d3fed6fd04c8,울산 7월 수출입 동반 감소…불황형 흑자 계속,pessimistic,연합뉴스,통신사/방송,수출입동향,2016-08-23
708d5cef817a,5월 경상수지 흑자 전환했지만… 작년보다 급감,defensive,동아일보,보수,경상수지,2022-07-08
1da6a35bbbc6,어려운 가족 위해 집 얻었는데···신혼집 마련하다 대출길 막혀,pessimistic,서울경제,경제지,부동산_대출,2017-08-22
02818ce020ce,이번주 산업활동동향·1분기 경제성장률 발표…경기진단 논란 종결?,neutral,SBS Biz,경제지,수출입동향,2018-05-28
68d110486b76,"증권가 ""기준금리 동결 장기화 예상…인상 우려 완화""",neutral,연합뉴스,통신사/방송,기준금리,2026-02-26
a04da61a2db4,"한국당 ""법인세율 5%P 낮추고 종부세도 완화""",neutral,한국경제,경제지,부동산_대출,2020-02-12
9cd9121a5e1e,악화된 청년고용에 ‘벚꽃추경’ 가능성 솔솔···KDI는 “반도체 호황 감안해야”,defensive,매일경제,경제지,고용동향,2026-02-18
0eff2fc5023a,북한 리스크에 한·미 기준금리 연내 인상 가능성… 커지는 채권 투자 '경고음',alarmist,한국경제,경제지,물가_인상,2017-08-16
f8bc7852f7e6,"SK이노베이션, 올해 임협 타결…임금 인상률 2.3%",neutral,SBS Biz,경제지,물가_인상,2025-02-25
846188ea6d57,임시·일용직만 늘린 최저임금 인상,pessimistic,서울경제,경제지,최저임금,2018-02-28
2c5a82f2e0dc,9월 1일 출근 전 체크할 주요 일정 / OPEC+회의,neutral,한국경제TV,경제지,고용동향,2021-09-01
7aa7767c794d,2월 수출 29% 증가…반도체 역대 최대 실적,optimistic,연합뉴스TV,통신사/방송,반도체_수출,2026-03-02
bf640306ad4c,북미정상회담 '합의 불발' 관측에 원/달러 급등 마감(종합),alarmist,연합뉴스,통신사/방송,환율_달러,2019-02-28
e0c8da23323e,출산율 2년 연속 올랐지만… '90년대생 맘' 뒤엔 씁쓸한 통계,defensive,중앙일보,보수,고용동향,2026-03-04
6573f9771b56,"산업부, 4월 수출입동향 발표 外",neutral,연합뉴스TV,통신사/방송,수출입동향,2019-05-01
48275d37ff01,코스피-원/달러 환율 상승,neutral,연합뉴스,통신사/방송,환율_달러,2019-08-28
53c8b1700be1,국내 주식형 수익률 '제자리'···중소형만 0.3% 하락,pessimistic,서울경제,경제지,국채_금리,2018-03-04
56ce3b370cb9,통계청 '2월 고용동향 발표',neutral,연합뉴스,통신사/방송,고용동향,2020-03-11
ca0a5a13f499,장애학생은 9만명인데…특수학교는 173개,neutral,연합뉴스,통신사/방송,부동산가격,2017-09-04
ab10cf5192c3,"서울 휘발유 값 '1,900원' 넘어…물가 자극 우려",alarmist,SBS,통신사/방송,소비자물가,2026-03-06
0d01f6873011,"기재부, 4차 재난지원금 추경안 발표",neutral,서울경제,경제지,수출입동향,2021-02-28
ce2dc2b3625e,"“집값, 더 올라선 안되는 상황”… 가계대출 단도리 나선 경제금융 수장들",alarmist,매일경제,경제지,가계부채,2024-09-05
24c9eed1d3ee,"美 국채금리 年 1.3%대로 뚝…회복세 둔화, 인플레 우려 줄어",optimistic,한국경제,경제지,국채_금리,2021-07-07
85ef5d5b01ea,"""달러 쌀 때 사두자""…달러예금 잔액 역대 최고",alarmist,연합뉴스,통신사/방송,환율_달러,2016-08-17
4fb4b42ea492,미국 2분기 성장률 잠정치 3.3%…속보치서 0.3%p 상향,optimistic,매일경제,경제지,GDP_성장률,2025-08-28
9781196a75c8,6월 경상수지 7조3천억 원 흑자…전년보다 4조 원 감소,pessimistic,매일경제TV,경제지,경상수지,
f8db18bb5f92,작년 한국 ICT산업 성장률 5.3%…타 산업의 두배,optimistic,연합뉴스,통신사/방송,GDP_성장률,2017-09-03
50956807ace4,이주열의 금통위 8년…경기 대응에 기준금리 사상최저 0.50%까지,neutral,연합뉴스,통신사/방송,기준금리,2022-02-24
3450474a35b8,'유로보다 비싼 달러' 고착화 되나…유럽 경기침체 우려,pessimistic,한국경제TV,경제지,경기침체,2022-08-25
58e5c82dd5ad,"마곡지구 ‘롯데캐슬 르웨스트’, 청약경쟁률 657 대 1",neutral,동아일보,보수,부동산_대출,2021-08-31
bc48ac6c3a90,"최저임금, 아이슬란드선 노사가 알아서 정합니다",neutral,조선일보,보수,최저임금,2020-02-24
4203d56b9bd5,中 3월 부동산 대출 규모 22.2%↑…'버블' 우려 고조,alarmist,연합뉴스,통신사/방송,부동산_대출,2016-04-20
b03afe14ec85,"""FTA 폐기땐 美도 큰 손실""…韓, 모든 가능성 열고 설득 총력",neutral,매일경제,경제지,경기침체,2017-09-03
5c4e29e40cac,고건·오세훈·박원순도 당선시켰다···서울시장 가를 '오·부·자',neutral,중앙일보,보수,부동산가격,2021-03-04
42db721ee652,코로나도 못막는 집값...수도권 더 올랐다,defensive,한국경제TV,경제지,가계부채,2020-03-02
c247303d4e64,"뉴욕증시, 미국 물가지표 주목 속 강세…다우 1.7% 상승 마감",optimistic,매일경제,경제지,소비자물가,2018-02-13
c7573fa221a1,뉴욕증시 미 국채 금리 상승 속 혼조…다우 0.14% 상승 마감,neutral,연합뉴스,통신사/방송,국채_금리,2018-02-02
a4fd33e6b3ff,"서울시, 청년에 뉴딜 일자리 제공…스터디 공간·어학강좌 지원",neutral,연합뉴스,통신사/방송,고용동향,2016-09-01
ccbcfe4d4219,"너무 빨리 뛰는 美 국채 금리…월가 ""Fed, 시장개입 나설 수도""",alarmist,한국경제,경제지,국채_금리,2021-03-05
4de3bf64bd29,"최저임금에 뿔난 편의점주…""노동자만 국민이냐""",pessimistic,서울경제,경제지,최저임금,2022-08-04
8d8e7c0ed773,"코스피, 미국 연내 금리 인상 가능성에 하락",pessimistic,매일경제,경제지,물가_인상,2016-08-29
73b4e0f9af37,日 '세제·보조금' 동원 임금 올려…기업 인상률 3.6% 30년來 최고,optimistic,서울경제,경제지,물가_인상,2023-09-03
90bf9046e81b,美 금리인하에 한은 총재 주재 긴급 간부회의…이주열 메시지 발표,neutral,한국경제,경제지,기준금리,2020-03-04
dc2dcaf73f8e,"뉴욕증시, 연준 선호 물가 소화하며 혼조…다우 0.5%↓마감",pessimistic,연합뉴스,통신사/방송,물가_인상,2023-09-01
369c54babebf,31일 금리 결정… 韓銀의 선택은?,neutral,조선일보,보수,수출입동향,2018-08-27
57f618c87db1,"한은, 기준금리 3.5%로 5연속 동결…가계부채 잡자니 경기 부담(종합)",neutral,연합뉴스,통신사/방송,가계부채,2023-08-24
5149a7b13346,영국 부동산 펀드런 우려…'제2 리먼사태'로 전염되나,alarmist,한국경제,경제지,부동산가격,2016-07-10
02a84577108c,부동산 규제 강화·글로벌 경기 둔화…추석 후 건설업계는 양극화,pessimistic,한국경제,경제지,부동산가격,2019-09-05
50fbf897cdbd,한은 “中 투자 1% 줄면 한국 GDP 0.09% 감소”,pessimistic,동아일보,보수,GDP_성장률,2023-08-25
2cb13b745760,안 그래도 바늘구멍인데…1억 미만 가계대출도 소득 따진다,pessimistic,매일경제,경제지,가계부채,2025-02-27
59bcb688a449,"프랑스, 경기회복에 140조원 투입…""신규 일자리 16만개 창출""(종합)",optimistic,연합뉴스,통신사/방송,경기침체,2020-09-04
099b5c5946b7,달러화 가치 반등에 원/달러 환율 소폭 상승 출발,neutral,연합뉴스,통신사/방송,환율_달러,2020-09-02
da2814231361,40년뒤 재정파탄…국가채무비율 3배로,alarmist,매일경제,경제지,국채_금리,2025-09-03
bd73455879c3,둔화세 가팔라진 고용 시장…경기 침체 속 폭우 겹치며 일용·임시직 ‘뚝’,pessimistic,경향신문,진보,경기침체,2023-08-09
58cd59cc413a,첨단기술과 만난 섬유패션 산업의 미래 확인하세요.,neutral,한국경제,경제지,수출입동향,2018-09-05
8e34689aacc1,2분기 경제 성적표 나왔다…실질 GDP 성장률 '0.7%',neutral,SBS Biz,경제지,GDP_성장률,2016-07-26
ee429a969f43,"현대硏 ""올해 미국 금리 3번 올릴 가능성 높아""",neutral,SBS Biz,경제지,소비자물가,2018-03-04
6a1fa11eb7e4,"2월 소비자물가 2% 상승, 밀가루는 하락",neutral,연합뉴스,통신사/방송,소비자물가,2026-03-06
1d4926ec1b3a,"8월 수출 9개월 연속 감소…""日 규제 영향 아직 제한적""",defensive,SBS,통신사/방송,반도체_수출,2019-09-01
3495bf6cec15,금리 인하 '카운트다운' 속…예금-대출 금리 '엇박자',neutral,SBS Biz,경제지,기준금리,2024-09-01
0b743948a25b,경기침체로 제조업 취업자 2개월 연속 줄었다,pessimistic,연합뉴스,통신사/방송,경기침체,2017-02-13
8a5f40d3500b,8월 수출 13.6%↓…9개월째 '뒷걸음',pessimistic,한국경제,경제지,반도체_수출,2019-09-01
642ff575c561,日자금동향 파악하고도 비공개...불안만 키우는 '관료 비밀주의',alarmist,서울경제,경제지,수출입동향,2019-08-07
fb497875720e,日혼다·마쓰다 사상 최대 임금인상…노조 요구 전면 수용,optimistic,연합뉴스,통신사/방송,물가_인상,2024-02-22
23df5850f246,"생산자물가 25개월 만에 최대, 소비자물가 상승 압박 더 커진다",alarmist,서울경제,경제지,소비자물가,2017-02-20
2423151551b2,미 장기국채 금리 하락에 원/달러 환율 하락세,neutral,연합뉴스,통신사/방송,국채_금리,2018-12-07
e95821e5b5d7,"내년 선원 최저임금, 5.27% 올라 월 248만7640원",neutral,조선일보,보수,최저임금,2022-12-26
a8f309b38892,원·달러 환율 3.4원 오른 1188.8원(개장),neutral,조선일보,보수,환율_달러,2020-09-03
2564dadf81a4,美 2월 고용 9만2000명 감소 '충격'…실업률 4.4%로 상승,alarmist,중앙일보,보수,국채_금리,2026-03-06
b3cd45d97939,인도네시아 '반값 휘발유' 결국 31% 인상,neutral,한국경제,경제지,물가_인상,2022-09-04
cbfba69287ab,"한은 ""전기료 인하로 8월 물가 0.4%p 하락 효과""",optimistic,연합뉴스,통신사/방송,소비자물가,2016-08-28
0c061187cf5c,"UBS, 中 올해 성장률 4.9%→4.6% 하향 조정…부동산 침체 심각",pessimistic,서울경제,경제지,GDP_성장률,2024-08-29
5b1468314df4,"하나은행, 3일부터 예·적금 금리 0.1∼0.3%p 인상",neutral,한국경제TV,경제지,기준금리,2021-09-02
0093c5a8e85d,"뉴욕증시, 3월 첫 거래일 약세 압력…국채금리 상승 탓",pessimistic,SBS Biz,경제지,국채_금리,2023-03-02
3a3861def748,日경제보복 반영 안 하고 내년 稅수입 추산한 정부,alarmist,매일경제,경제지,GDP_성장률,2019-09-04
f2602f79a1d0,작년 경상수지 883억달러 흑자… 5년만에 최대치,optimistic,동아일보,보수,경상수지,2022-02-10
9254cf2181d5,필리핀 성장에 가속도…2분기 GDP 7% 늘며 전망치 웃돌아,optimistic,연합뉴스,통신사/방송,GDP_성장률,2016-08-18
d6913e9813aa,'9월 경상수지는?',neutral,연합뉴스,통신사/방송,경상수지,2018-11-06
b61c91ac775d,"유로존, 지난해 4분기 GDP 성장률 -5.1% ‘추락’",alarmist,SBS Biz,경제지,GDP_성장률,2021-02-03
2554305744ae,FOMC회의 1주일 앞두고 한·미 국채 금리 예상 밖 하락세,neutral,한국경제,경제지,국채_금리,2017-06-05
35a579a6b969,"중동 전쟁에 불안한 소비자 물가, 담합 근절로 대응해야",pessimistic,경향신문,진보,소비자물가,2026-03-06
0ab4ff356463,"'최저임금1만원, 약속을 지켜라'",neutral,연합뉴스,통신사/방송,최저임금,2016-08-12
7e22e7ad9c86,"금융연구원 “10조원 추경, 국채금리 상승으로 이어질 가능성 낮아”",neutral,서울경제,경제지,국채_금리,2016-07-17
2b643d987811,美 금리 인하 전망에 은값 40달러 돌파…금값도 들썩,optimistic,중앙일보,보수,기준금리,2025-09-01
1004910dbe5c,1월 소비자물가 1.5% 상승…13개월만에 1% 넘어,neutral,매일경제,경제지,소비자물가,2020-02-04
74e0bd543469,P2P금융 대출한도 70억원까지…부동산PF 쏠림 방지,neutral,SBS Biz,경제지,부동산_대출,2020-01-28
a3e2f5eea47c,브라질 올해 1·4분기 GDP 성장률 -0.3%,pessimistic,서울경제,경제지,GDP_성장률,2016-06-02
4302b4750020,"타이완, GDP 성장률 전망치 상향…5.46%→5.88%",optimistic,SBS,통신사/방송,GDP_성장률,2021-08-13
346b633ddf9a,미국 경기지표 부진에 원/달러 환율 상승 출발,pessimistic,연합뉴스,통신사/방송,환율_달러,2019-02-22
19fb61eba74d,임금체불 8월까지 1兆 육박… 21만여명 ‘우울한 추석’,alarmist,동아일보,보수,경기침체,2016-09-05
cd42896155fe,수출동향 보니…미중싸움에 등 터진 건 한국?,pessimistic,SBS Biz,경제지,수출입동향,2019-08-13
6b55c919fbd7,"홍남기 ""분양가상한제, 10월 바로 작동하진 않을 것""",neutral,서울경제,경제지,부동산가격,2019-09-01
f3838ece39a8,"“달러에 투자하라”…대신證, 달러자산 잔고 1년6개월 만에 16배↑",alarmist,매일경제,경제지,환율_달러,2016-09-05
cf317553f270,"한경연 ""韓 경제 잠재성장률 하락세 가팔라…역성장 우려""",pessimistic,연합뉴스,통신사/방송,GDP_성장률,2021-08-18
aaa303beb762,"JP모건 ""한은 내년 1분기까지 기준금리 2번 내릴 듯""",optimistic,연합뉴스,통신사/방송,기준금리,2019-08-30
1bf5edc1e70b,中 경기침체 우려에 거래수수료 인하 등 지원책 내놔,defensive,조선일보,보수,경기침체,2023-08-19
bab6b134cfc4,고령자 10명 중 7명은 일한다…55∼64세 고용률 70% 첫 돌파,optimistic,연합뉴스,통신사/방송,고용동향,2026-02-04
507369380a07,주담대· 전세· DSR 삼중으로 부동산 규제… 일문일답으로 살펴본 부동산 대출의 모든 것,neutral,매일경제,경제지,부동산_대출,2020-03-02
f29fe22abdb5,"난리치던 노동계, 이의신청 왜 침묵했나…최저임금 막전막후",neutral,중앙일보,보수,최저임금,2020-08-05
2128dd0eb8a1,추석 곧 다가오는데…폭염·폭우에 농산물 가격 7% ‘껑충’,alarmist,SBS Biz,경제지,소비자물가,2018-09-04
afd9a82f0536,"홍익표 ""추경 통과·집행시 경제 성장률 더 높아질 것""",optimistic,서울경제,경제지,수출입동향,2021-03-02
e46e9026b598,글로벌 국채 금리 고공행진… 국내 증시 상승세 찬물 끼얹나,pessimistic,동아일보,보수,국채_금리,2018-02-05
f1a41697860e,가계빚 1600조원 시대 열렸다…부동산시장 과열 영향?,alarmist,SBS Biz,경제지,가계부채,2020-02-25
e40b886c6ea3,금리 상승에 은행으로 ‘뭉칫돈’…이달에만 예·적금 7조원 ‘껑충’,optimistic,동아일보,보수,기준금리,2022-08-28
80077f64e704,최저임금 제도개선 촉구,neutral,연합뉴스,통신사/방송,최저임금,2018-08-29
c0f957d51898,"내년 최저임금 8720원, 코로나 영향 역대 최저 인상률",pessimistic,중앙일보,보수,최저임금,2020-07-15
3a7b2c55dbcc,속도내는 노량진뉴타운…'알짜' 3구역 승인,optimistic,한국경제,경제지,부동산가격,2021-03-03
a0f6eb28baa2,2월 소비자물가 광주 2.5%·전남 2%↑,neutral,연합뉴스,통신사/방송,소비자물가,2017-03-03
353af0eb764f,사라지는 임금 인상효과…실질임금 3년째 ‘마이너스’,pessimistic,서울경제,경제지,물가_인상,2024-08-29
ee224edeb35f,<그래픽> OECD 취업자 연간 노동시간·실질임금 현황,neutral,연합뉴스,통신사/방송,고용동향,2016-08-15
654d868a1039,원자재 수입 증가에 1월 경상수지 흑자 5개월 만에 최소,pessimistic,서울경제,경제지,경상수지,2017-03-03
c3794b0ea8fd,줄잇는 '쇼크에 쇼크'… 8월 금리인상 물건너가나,alarmist,한국경제,경제지,물가_인상,2018-08-19
abe914b0fb53,가계부채 종합대책 발표…주택공급 줄이고 집단대출 관리 강화,neutral,SBS Biz,경제지,가계부채,2016-08-25
fa90ab3fd15f,2월 수출 -7.5% 5개월 연속감소…무역수지 -53억불 1년째 적자,alarmist,연합뉴스,통신사/방송,반도체_수출,2023-03-01
9d707ad78e09,가상 부동산마저 이번 생은 글렀다고 하는 이유,pessimistic,조선일보,보수,부동산가격,2022-02-10
27ef0189fda4,"한국은행 ""물가 연말에 반등..내년 1%로 상승할 것""",neutral,한국경제TV,경제지,소비자물가,2019-09-03
426243191165,"""가계부채 관리방안, 주택시장 안정화에 효과""(종합)",optimistic,연합뉴스,통신사/방송,가계부채,2016-08-25
f992cd51ae33,8월 물가 5.7%↑…상승세 둔화했지만 채솟값·외식비 '고공행진'(종합2보),defensive,연합뉴스,통신사/방송,물가_인상,2022-09-02
3b76ebc2538b,"文대통령, 책임져야 할 변창흠에 LH 조사 맡겼다",neutral,조선일보,보수,부동산가격,2021-03-04
da49b6bfdea8,"""선진국 통화정책 경계심 지속""",neutral,연합뉴스,통신사/방송,GDP_성장률,2018-03-04
6ade474c37aa,기준금리 인상 부산시 소상공인 지원책 마련…1년간 무이자 지원,optimistic,연합뉴스,통신사/방송,기준금리,2021-08-31
df4edce7273c,"코스피, 5700선 회복…장중 12%대 급등",optimistic,한국경제,경제지,환율_달러,2026-03-05
203de7430171,20대 취업자 3달 연속 감소...청년실업률은 더 악화,pessimistic,경향신문,진보,고용동향,2017-08-09
9875e52bd00f,"""임대사업도 발상의 전환 필요…아파트·주택도 수익형 부동산 활용 가능해요""",neutral,한국경제,경제지,부동산_대출,2017-02-15
bd7a8425766b,"한은, 기준금리 연 1.50%로 동결",neutral,경향신문,진보,기준금리,2018-08-31
46d79f281f4b,2월 수출 4.8% 증가…5개월 연속 '수출 플러스',optimistic,서울경제,경제지,반도체_수출,2024-03-01
0a5566cde310,"가습기 특위 청문회, 옥시 본사 모르쇠?",neutral,SBS Biz,경제지,수출입동향,2016-08-29
5be290317ca3,"2월 수출, 전년 동월 대비 29% 증가…“반도체, 3개월 연속 200억달러 이상”",optimistic,경향신문,진보,반도체_수출,2026-03-01
42ad2a8dea21,근로장려금 신청하세요,neutral,연합뉴스TV,통신사/방송,고용동향,2019-08-30
6aaf06df7719,미국 금리인상 우려 완화에 국채 시장 진정세,optimistic,서울경제,경제지,물가_인상,2016-08-30
062eb7e42b2d,"원·달러 환율 상승 출발…1,126.0원(+1.3원)",neutral,한국경제,경제지,환율_달러,2019-03-04
ef45b96b9b80,7월 소비자물가 상승률 0.7%…10개월만에 최저,optimistic,연합뉴스TV,통신사/방송,소비자물가,2016-08-02
93bf83054931,확 늘어나는 4차 재난지원금…추경 15조냐 20조냐,neutral,연합뉴스,통신사/방송,고용동향,2021-02-22
c39f703bb83c,"수익률 6∼7% 상업용부동산, 가격하락시 금융시스템에 부정적(종합)",pessimistic,연합뉴스,통신사/방송,부동산가격,2018-12-20
370582b03f0f,코로나 여파…지난달 실업급여 지급액 또 '역대 최대',alarmist,한국경제,경제지,고용동향,2020-08-10
f2286ef7df59,"美 국채금리 드디어 꺾이나…""하락세 일시적""",neutral,한국경제TV,경제지,국채_금리,2025-02-27
5dc8fde79410,"경제는 세계 11위, 생활 수준은 48위···왜?",comparative,매일경제,경제지,고용동향,2016-08-25
53ba91cc13b3,"환율 한때 1,500원 돌파…금융위기 이후 처음",alarmist,연합뉴스TV,통신사/방송,환율_달러,2026-03-04
e40c8a2e3085,가계부채 위기와 위험천만한 역주행,alarmist,경향신문,진보,가계부채,2022-07-27
9eb20e38473c,물가인상 속 희소식…자동차보험 싸진다,defensive,한국경제TV,경제지,물가_인상,2025-02-18
71b60da83020,나의 투명인간 이웃,neutral,한겨레,진보,최저임금,2021-09-05
cfaa6329d0c1,美·中 담판 MOU 수싸움…'환율 조작 금지' 넣는다,neutral,한국경제,경제지,환율_달러,2019-02-20
8d6a6576a918,"상하이증시, 1월 소비자·생산자 물가지수에 '촉각'",neutral,한국경제,경제지,소비자물가,2021-02-07
7df5c3a916ed,"경제계 ""금리인상에 소상공인 타격 불가피…추가 인상 신중해야""(종합)",pessimistic,연합뉴스,통신사/방송,물가_인상,2021-08-26
25ef5f335e56,경쟁하듯 대출 규제 풀려다 가계부채 뇌관 건드릴라,alarmist,한겨레,진보,가계부채,2022-02-09
144d754b09b2,'경제 나락' 아르헨 기준금리 118%…한 번에 21%p 인상 초강수,alarmist,연합뉴스,통신사/방송,기준금리,2023-08-15
1a01d827fce4,'400조 슈퍼예산안' 주목…생산·수출·소득 지표도 발표,neutral,연합뉴스,통신사/방송,수출입동향,2016-08-27
ee964dfda520,취업자 증가·실업자 수 추이,neutral,연합뉴스,통신사/방송,고용동향,2020-02-12
b52695bb1766,관세전쟁에 亞 증시 하락 마감…美 국채물 금리 상승세,pessimistic,SBS Biz,경제지,국채_금리,2025-02-03
61ea03290b5e,북미 '하노이 선언' 서명식 취소 소식에 원/달러 급등 마감,alarmist,연합뉴스,통신사/방송,환율_달러,2019-02-28
1d396aab78aa,저축은행 사태 ‘전조?’…한국투자 등 7곳 부동산 대출 비중 50% 넘었다,alarmist,SBS Biz,경제지,부동산_대출,2022-03-15
9b5900b563ce,중국 부동산 침체에 주택담보대출 조기 상환 증가,pessimistic,연합뉴스,통신사/방송,경기침체,2022-09-02
fe96a7d39b46,"'가계대출 옥죄기' 시동건 당국…""빚 막아야"" vs. ""정부가 빚내라 부채질""",comparative,SBS Biz,경제지,가계부채,2023-08-14
6ababe1d40ee,증권거래세 인하 등 세제혜택...증시로 돈 흘러가게 해야,neutral,서울경제,경제지,부동산_대출,2018-09-03
c79af58b16ab,부동산 규제 강화에 이혼부부 '급증',pessimistic,SBS Biz,경제지,부동산_대출,2016-09-01
9b96e9565008,유가 120달러? 이란 전쟁과 호르무즈 봉쇄의 경제학,alarmist,동아일보,보수,경기침체,2026-03-05
a9aeaa5fe948,전국 불법·방치 폐기물 2022년까지 완전히 치운다,neutral,경향신문,진보,수출입동향,2019-02-12
1284fb23382c,국채금리 올랐지만 뉴욕 증시 상승 마감···다우 1.05%↑,defensive,경향신문,진보,국채_금리,2023-03-03
df2ae8482282,취업자 6개월 연속 30만명 이상 늘어...,optimistic,연합뉴스,통신사/방송,고용동향,2017-08-09
fd482666c787,원·달러 환율 1.5원 오른 1186.6원(개장),neutral,조선일보,보수,환율_달러,2020-08-26
074e0bd64ad7,"호주, 코로나19 여파로 소비자물가 상승률 역대 최저",pessimistic,한국경제TV,경제지,소비자물가,2020-08-02
b0a087fc28f4,기준금리 인상으로 대출 속도조절?…이자 부담만 늘어난다,pessimistic,SBS Biz,경제지,기준금리,2021-09-03
a318214b9cd4,"광주시의회, 택시요금 인상·미래차 국가산단 동의안 처리",neutral,연합뉴스,통신사/방송,물가_인상,2025-08-29
f83c29eca8e1,"""한 달 만에 6억 폭락"" 비명…강남 '똘똘한 한 채' 꺾였다",alarmist,한국경제,경제지,부동산가격,2026-03-05
035664fe54e0,엔고의 역습과 안전통화의 저주 / 이강국,neutral,한겨레,진보,국채_금리,2016-09-05
7ade483156d5,"시총 100대 기업 57%, 기준금리보다 높은 배당수익 '보장'",optimistic,연합뉴스,통신사/방송,기준금리,2018-02-25
075c94c05c45,인도네시아 2분기 GDP 연 5.44%↑…3분기 연속 연 5%대 성장,optimistic,연합뉴스,통신사/방송,GDP_성장률,2022-08-05
f43867da2e6d,27일 고승범 인사청문회 핵심은 가계부채·코인,neutral,매일경제,경제지,가계부채,2021-08-22
05227d32e928,홍콩 시위 확산에도…中ETF 5일새 최대 6%↑,defensive,매일경제,경제지,부동산_대출,2019-08-20
4391ad8e3af6,역대급 무역적자에 반도체 수출 역성장...코스피·코스닥 2%대 하락,alarmist,중앙일보,보수,반도체_수출,2022-09-01
17ba23626a93,"통계청, 13일 고용동향 발표...고용지표 개선될지 주목",neutral,서울경제,경제지,고용동향,2019-11-09
5672fcc00120,한국은행 차기 총재 내정자 5일 발표,neutral,연합뉴스,통신사/방송,가계부채,2018-03-02
1259d2613faf,"‘찔끔찔끔’ 오르는 생활임금, 최저임금에 따라잡히고 있다",pessimistic,경향신문,진보,최저임금,2022-10-12
ebe51ddf5509,"일본은행 1월 국채매입 사상 최대…""금리 잡자""",alarmist,SBS Biz,경제지,국채_금리,2023-02-02
d7b6c5e5d8c3,"경기도와 평택항만공사, 평택항 활성화 위해 일본 기업 대상 설명회 열어",neutral,한국경제,경제지,수출입동향,2017-08-30
09bafcf672d1,"文 ""최저임금 결정때 자영업자 의견 반영""",neutral,매일경제,경제지,최저임금,2019-02-14
0119ac9026ed,日 대표기업 히타치가 외국인근로자 최저임금법을 위반했다는데,neutral,한국경제,경제지,최저임금,2019-03-05
ebfbdb983b13,"고등학생 4명중 3명, ‘경상수지’ 몰라…경제 이해도 ‘낙제점’",neutral,매일경제,경제지,경상수지,2023-02-23
a63f8e376151,울산 10월 수출입 동반 감소…불황형 흑자 유지,pessimistic,연합뉴스,통신사/방송,수출입동향,2016-11-23
7391793e6272,치솟는 아파트 관리비…물가상승률의 4배 육박,alarmist,SBS,통신사/방송,소비자물가,2017-08-28
7521ea79bd94,"소비자 물가, 6개월 연속 2%대 상승",neutral,연합뉴스,통신사/방송,소비자물가,2026-03-06
d81517c3fea2,중소·중견기업 상반기 수출 4.5%↓,pessimistic,한국경제,경제지,반도체_수출,2016-08-23
1567eb03389f,여주시 내년 생활임금 9천790원…최저임금 인상률 반영,neutral,연합뉴스,통신사/방송,물가_인상,2020-09-03
6c14e4890c32,"미·유럽 ""기준금리 계속 올려야""…일본은 정반대",comparative,한국경제TV,경제지,기준금리,2022-08-28
85ec544f3032,"중동 전쟁 충격에 원/달러 환율 고공행진…장중 1,480원 육박",alarmist,SBS,통신사/방송,환율_달러,2026-03-04
e8bac0094d87,日 7월 소비자물가 3.1%↑…쌀은 1년 새 90.7% 폭등,alarmist,매일경제,경제지,물가_인상,2025-08-22
a6047b208507,작년 부동산 규제에도 주택대출 15조 증가,pessimistic,동아일보,보수,부동산_대출,2018-01-04
30cc36198c46,5월 경상수지 흑자 전환···흑자 규모 1년 전에 반토막,defensive,경향신문,진보,경상수지,2020-07-07
e43de309ea1d,"수도권 오피스텔 가격 상승…""부동산 규제 풍선효과""",pessimistic,SBS Biz,경제지,부동산가격,2020-02-27
1b7ec0ed06f4,"KDI, 올해 성장률 2.6→2.5%…""예상보다 긴 고금리에 내수부진""",pessimistic,연합뉴스,통신사/방송,GDP_성장률,2024-08-08
0e9d03e60a23,"KDI, 올해 성장률 전망 2.6 → 2.5% 하향",pessimistic,동아일보,보수,GDP_성장률,2024-08-09
ff7a3f6b600d,경기침체에…삼성 가전·반도체 재고 52조원 어치 쌓였다,alarmist,SBS Biz,경제지,경기침체,2023-02-16
286b241ccc1a,국채금리 발작·스무트-홀리 관세법·집값 비상사태·경제학자 분노,alarmist,SBS Biz,경제지,국채_금리,2025-09-03
650878357b61,은행 정기예금 금리(25일 기준),neutral,연합뉴스,통신사/방송,기준금리,2017-08-26
d9dded27b961,"우윳값 인상에 뿔난 정부, 가격체계 손본다",neutral,서울경제,경제지,물가_인상,2021-08-25
261150e825cf,일본 신축 아파트값 ‘부동산 버블’ 생각나네,alarmist,한겨레,진보,부동산가격,2018-01-23
fa31ae3f1769,"환율 감시대상국, 'GDP 대비 경상수지 비율 등 분석'",neutral,SBS연예뉴스,기타,경상수지,2016-04-30
20b5d0e5b1fd,반도체·해외투자가 쏘아올린 '역대급 경상흑자',optimistic,한국경제,경제지,경상수지,2026-02-06
d9f8b210143f,"""우리·씨티은행 부동산 대출 비중 50% 넘어""",alarmist,한국경제,경제지,부동산_대출,2016-10-17
157b2865c340,"휘발유 1713.7원, 환율 1466.1원…중동發 물가 불안 커진다",alarmist,동아일보,보수,소비자물가,2026-03-03
f1ead4a591c7,"""서울·세종 주택가격 버블 위험…금리인상에 대비해야""",alarmist,연합뉴스,통신사/방송,물가_인상,2021-02-03
ba30cde2b8ae,"한경연 “정부부채 증가속도, 아르헨-中 이어 세번째”",comparative,동아일보,보수,가계부채,2019-09-03
046755f1d754,수입물가 급등…25개월 만에 최고,alarmist,한국경제,경제지,소비자물가,2017-02-14
3d316e475c89,'제재 폭탄'에 맞불 놓는 러시아…'특별조처' 연이어 발표,neutral,연합뉴스,통신사/방송,GDP_성장률,2022-03-03
b692ca29f744,일본 GDP 1% 증가… 2분기 '깜짝 성장',optimistic,한국경제,경제지,GDP_성장률,2017-08-14
1ddb0f5d11af,"구윤철 ""환율, 경각심 갖고 모니터링하고 있다""",neutral,연합뉴스,통신사/방송,환율_달러,2026-03-04
38e53de33f47,'코로나19' 확산에 원·달러 환율 1200원 돌파,alarmist,한국경제,경제지,환율_달러,2020-02-21
8f7f2c8cad57,"日, 내달 소비세율 인상…'침체 도화선' 되나",alarmist,한국경제,경제지,경기침체,2019-09-01
0df7ea2c6295,미중 무역협상 기한 연장에 원/달러 환율 하락 출발,optimistic,연합뉴스,통신사/방송,환율_달러,2019-02-26
a60f340bb093,"S&P ""美 기준금리 6월부터 시작해 올해 0.75%P 인하""",optimistic,SBS Biz,경제지,기준금리,2024-02-22
1c562c1e65f3,원·달러 환율 상승…1153.4원(+11.8원),neutral,한국경제,경제지,환율_달러,2017-03-03
c6ee3a521c02,"그래핀스퀘어, 12년 R&D 결실…'꿈의 신소재' 연구장비 수출한다",optimistic,한국경제,경제지,반도체_수출,2021-03-01
237fb0c4e9f7,김영주 “최저임금 위반 업체에 징벌적 손해배상제”,neutral,경향신문,진보,최저임금,2017-08-11
403ce4136299,‘코로나 끝나자 침체’ 물류센터… 거래량 2배 늘었다,defensive,조선일보,보수,경기침체,2024-08-28
05e1b33be587,“세제혜택 과한 부분 있어”…9개월만에 ‘임대주택’ 정책 뒤집나,neutral,SBS Biz,경제지,가계부채,2018-09-03
473edb108578,"서울시, 아파트 35층 층고제한 폐지…초고층 건축 가능",optimistic,SBS,통신사/방송,부동산가격,2022-03-03
28c73a68a096,미 경기침체 공포 여전…한 달 만에 다시 흔들린 국내 증시,pessimistic,SBS,통신사/방송,경기침체,2024-09-05
ae8d50868cfc,"한국은행, 오늘 기준금리 5연속 동결할 듯",neutral,한국경제TV,경제지,기준금리,2023-08-24
d20aa03ab8ac,5월 수출 398억달러…경상수지 흑자 급감,pessimistic,SBS,통신사/방송,경상수지,2016-06-01
7021a3c84c34,부동산 가계 대출 1000조 돌파…증가 속도는 ‘둔화’,defensive,SBS Biz,경제지,부동산_대출,2019-08-09
ab8f529e028d,중도금 대출 규제보다 부동산 경착륙부터 막아라,alarmist,서울경제,경제지,가계부채,2017-03-05
b68a580a854b,내년도 최저임금 8720원으로 확정…고용노동부 최종 고시,neutral,SBS Biz,경제지,최저임금,2020-08-05
8f700148221b,美 작년 4분기 성장률 3.2%…수정치 발표,neutral,한국경제,경제지,GDP_성장률,2024-02-28
5bde08cd34b2,“강달러 끝났으니 반도체 잠깐 놔줄까”“…하반기 주도주 떠오르는 바이오,optimistic,매일경제,경제지,반도체_수출,2024-09-01
09e2472665b2,"브라질 2분기 성장률 0.2%…""경제회복 신호 불투명""",pessimistic,연합뉴스,통신사/방송,GDP_성장률,2017-09-02
d654386797a9,美 3대지수 ‘폭락’…국채금리 역전 우려에 무역협상 불안 겹쳐,alarmist,SBS Biz,경제지,국채_금리,2018-12-05
42bd7c649726,일자리·청년실업 개선됐을까…15일 발표 2월 고용동향 주목,neutral,연합뉴스,통신사/방송,수출입동향,2017-03-11
8e5333641c38,美 국채에 꽂힌 개미…7월 이후 1.6조원 쓸어담았다,neutral,한국경제,경제지,국채_금리,2025-08-12
0052b7fcb7d8,"신한금융, 배당성향 22.7%…당국 권고 '20%' 넘어",neutral,연합뉴스,통신사/방송,경기침체,2021-03-03
993a19428bf1,부동산 관련 대출 연체율 높아져…P2P 상품 투자 ‘소비자 경보’,alarmist,경향신문,진보,부동산_대출,2019-11-06
06a699c95646,"정부 ""시장동향 파악 후 필요시 부동산 추가 대책 검토""",neutral,연합뉴스,통신사/방송,수출입동향,2016-09-22
e7530f244869,중국인들 5년간 여의도 면적 6배 땅 샀다,alarmist,연합뉴스,통신사/방송,부동산가격,2017-02-21
6186c71271a7,내년 적자성 국가채무 700조 넘는다,alarmist,서울경제,경제지,국채_금리,2022-09-04
d37edd9aaeef,부동산 전자거래 때 버팀목·디딤돌 대출 금리 우대,neutral,한겨레,진보,부동산_대출,2017-12-12
dccb60323c02,젊은 세대의 절망감…부동산 정책이 정권을 바꾼다,pessimistic,한국경제,경제지,부동산가격,2021-08-27
0226132f38ad,1월 소비자물가 13개월만에 1%대…석유류는 12%나 급등,alarmist,중앙일보,보수,소비자물가,2020-02-04
4410d8063150,"7월 실업자 113만명 ""21년만에 최대""…취업자는 5개월 연속 감소",alarmist,매일경제,경제지,고용동향,2020-08-12
0b38816fadbf,경기 침체에도…대기업 광고 계열사 '호실적',defensive,한국경제,경제지,경기침체,2025-02-20
03cf11d2c776,"삼화페인트, 삼성SDI에 반도체 소재 공급",neutral,한국경제,경제지,경기침체,2026-03-06
544d91b4d17d,5대 은행 가계대출 10개월 연속 늘어…증가 폭은 주춤,defensive,경향신문,진보,가계부채,2024-03-05
d1c8a69ed31b,휘청이는 홍콩 부동산 시장…시위 장기화로 '자산 엑소더스' 가속,alarmist,조선일보,보수,부동산가격,2019-08-25
c67eb3bb6194,"한국, 물가상승률 OECD 최하위권…15위→33위로 추락",comparative,SBS Biz,경제지,소비자물가,2020-02-10
dfab5ae91daa,"한은, 기준금리 동결했지만 10월 인하 신호 나왔다",neutral,중앙일보,보수,기준금리,2019-08-30
b38c5fe12d9d,주택대출 누르니 신용·P2P대출 '들썩'...대출규제 풍선효과,pessimistic,한국경제TV,경제지,부동산_대출,2020-02-24
9bac0e76f0e6,공시가격 급등…개포 재건축엔 약 될까?,neutral,매일경제,경제지,부동산가격,2019-01-06
5d5c2a12696c,2월 물가 얼마나 올랐나…다음주 실물경제 지표 발표,neutral,SBS Biz,경제지,소비자물가,2026-02-28
3734060df4f0,내년 최저임금 ‘찔금 인상’에 반발 노동자위원 총사퇴,pessimistic,한겨레,진보,최저임금,2016-07-19
e7e41f9c9627,"코스피, 2% 넘게 급락 출발…원·달러 환율 급등",alarmist,한국경제TV,경제지,환율_달러,2020-02-24
dd19c25d53d7,"원/달러 환율 소폭 상승세…달러당 1,120원대",neutral,연합뉴스,통신사/방송,환율_달러,2019-02-14
55162e389150,김영란법 앞두고… 날개 돋친 상품권,neutral,동아일보,보수,경기침체,2016-09-05
a29acd40cf0f,뉴욕증시 'AI 위협' 우려 지속에 약세 마감…다우 1%↓(종합),pessimistic,연합뉴스,통신사/방송,부동산_대출,2026-02-28
eb91562325ce,내년 공무원 월급 1.4% 인상…30년 만에 최저치,pessimistic,한겨레,진보,물가_인상,2021-08-31
2d9092c3e19f,"삼성전자, ‘국산’ 고순도 불화수소 반도체 공정 투입",optimistic,한겨레,진보,반도체_수출,2019-09-03
5802ef9296cb,"2023년 최저임금은 9,620원",neutral,연합뉴스,통신사/방송,최저임금,2023-01-02
0153e665f6f6,"뉴욕증시, 기준금리 인상 기대 낮아져 상승 출발",optimistic,연합뉴스,통신사/방송,기준금리,2017-08-31
f48dbfc06824,"미 연준, '전광석화' 파격 금리인하…코로나19에 구원투수 나서(종합)",defensive,연합뉴스,통신사/방송,물가_인상,2020-03-04
e0765ab5a240,"""올림픽 특수""…펄펄 끓는 강원도 부동산",optimistic,한국경제TV,경제지,부동산가격,2017-12-22
ac2cae2a5135,싱가포르 2분기 GDP 전기比 0.3% 증가 그쳐…올 성장전망 하향,pessimistic,연합뉴스,통신사/방송,GDP_성장률,2016-08-11
40c1ca7cfd6c,경기침체 막아라…아세안 `부양책` 총동원,defensive,매일경제,경제지,경기침체,2019-08-28
b3489cb5dbbf,"연준 매파 ""최종금리 5.4% 넘어야 할 듯""…美 국채금리 '들썩'",alarmist,SBS Biz,경제지,기준금리,2023-03-02
8f9699560cd4,"계륵 같은 ‘동산담보대출’, 사물인터넷 달고 ‘날갯짓’",neutral,한겨레,진보,부동산_대출,2019-02-24
4ee9f0ac7ca3,"서울교통공사, 소사~원시 복선전철 20년간 운영",neutral,매일경제,경제지,소비자물가,2017-09-05
e53ddb876497,"코스피, 美 금리인상 우려에 나흘째 하락…코스닥 2.48% 급락",alarmist,연합뉴스,통신사/방송,기준금리,2016-08-29
3013e4e8d71b,하락 멈춘 메모리반도체 가격 반등?…4분기 10~15% 하락 전망,pessimistic,중앙일보,보수,반도체_수출,2020-09-03
bfcefecc999e,지난해 경상수지 흑자 89.9억달러…57개월 연속 흑자행진,optimistic,매일경제,경제지,경상수지,2017-01-04
610f4e4e1e53,KDI FOCUS 인구구조 변화가 가계부채에 미치는 영향은,neutral,연합뉴스,통신사/방송,가계부채,2025-08-05
4eea63190c7b,'세계의 공장' 중국발 인플레 오나…생산자물가 5년반만에 최고(종합),alarmist,연합뉴스,통신사/방송,소비자물가,2017-02-14
9d5c4a8dbe5a,롯데家 서미경 '부동산 재벌'…공시가로 따져도 1천800억원대,neutral,연합뉴스,통신사/방송,부동산가격,2016-08-30
2b9569e47587,지난해 경남 근로자 전년대비 2.7% 증가… 50대 근로자만 늘어,neutral,조선일보,보수,고용동향,2020-02-12
7d98c6c0f96a,"3년 전 3만5000명 신규 채용…올해는 ""대기업 10곳 중 7곳 미정""",pessimistic,중앙일보,보수,최저임금,2021-09-05
98c99bf8aa23,"""中 반도체 장비 AS 하지마"" 네덜란드 정부, ASML 제동",neutral,매일경제,경제지,반도체_수출,2024-08-30
c4952b5a4159,"주택 착공물량 ‘반토막’, 서울은 68%↓…경기둔화·금리인상 여파",alarmist,한겨레,진보,물가_인상,2023-08-31
a0f9ee692e8b,2019년 고용동향 및 향후 정책방향 관련 합동 브리핑,neutral,연합뉴스,통신사/방송,고용동향,2020-01-15
9a0d6d697c84,1월 수출물량 작년동월 대비 2.9%↓…한달만에 하락 전환,pessimistic,연합뉴스,통신사/방송,반도체_수출,2020-02-26
30106fa3ec11,중국 경기침체에 각국 기업들 실적 악화… 글로벌 반도체 투자 10년만에 최대 감소,alarmist,동아일보,보수,경기침체,2023-08-29
839899d60e3f,1월 생산-소비-투자 ‘트리플 감소’… “경기 침체 신호 뚜렷”,alarmist,동아일보,보수,경기침체,2025-03-05
bb0107087e23,12월 경상수지 '최대'…32개월 연속 흑자,optimistic,SBS,통신사/방송,경상수지,2026-02-06
845bffbc3e43,"금융위, 상호금융 PF·자본 규제 강화…리스크 관리 기준 상향",neutral,조선일보,보수,부동산_대출,2026-03-02
581657623ef4,"최저임금 3조 지원위해...현금지원사업, 예비타당성 조사서 제외",neutral,서울경제,경제지,최저임금,2017-08-11
ff1f4b6fda68,"최저임금도 안주고 말없이 해고…""소규모 사업장 노동조건 심각""",pessimistic,연합뉴스,통신사/방송,최저임금,2020-01-16
ca22b38e0a0b,"파월 ""필요시 금리 더 올릴 것""",neutral,한국경제,경제지,기준금리,2023-08-26
e390fdb53916,"LH 직원 투기 의혹, 부동산 정책 신뢰 뒤흔들 뇌관…방치하면 정권에 대형 악재",alarmist,경향신문,진보,부동산가격,2021-03-03
cd14ec1d3336,"판세 뒤흔들 4가지 변수, ‘北·개헌·민생·단일화’",neutral,서울경제,경제지,부동산가격,2018-03-04
f347d55dd07b,"미 연준 의장 ""또 대폭 인상 가능""…고금리 유지 시사",alarmist,SBS,통신사/방송,물가_인상,2022-08-27
1f75a786fbe6,울산 1월 수출액 소폭 증가…유럽 전기차 수출 호조,optimistic,연합뉴스,통신사/방송,수출입동향,2019-02-27
8e89373c45ea,"美, 8월 고용지표 '애매'…금리 인상 재논란",neutral,SBS,통신사/방송,경기침체,2016-09-03
0cd1b5b1b10e,"빚투·영끌 열풍에 “가계부채 부실, 고용없는 경기회복 우려”",alarmist,SBS Biz,경제지,가계부채,2020-12-21
07f197a6ff19,"""최저임금 올라서"" 해고 위기 내몰린 아파트 경비원들",alarmist,SBS,통신사/방송,최저임금,2017-08-12
5eacf29e8194,유로존 물가상승률 2%···ECB 목표치 넘은 것 4년 만,neutral,서울경제,경제지,물가_인상,2017-03-02
23274ea74266,세종대왕 프랭클린 마오쩌둥…까다로운 내 심사 통과해야죠,neutral,매일경제,경제지,수출입동향,2021-02-19
306566757246,"원/달러 환율, 부총리 구두개입성 발언에 상승",neutral,연합뉴스,통신사/방송,환율_달러,2018-02-20
1dabb10d1f70,"경찰, 민생물가 교란 범죄 특별단속…집값 담합·매점매석 등 추적",neutral,SBS,통신사/방송,물가_인상,2026-03-02
a042b3822b9a,5대銀 주담대 증가폭 역대 최대…'0%대 금리' 때보다 많은 영끌,alarmist,연합뉴스,통신사/방송,기준금리,2024-08-25
4f0e79c96d0e,소규모 사업장 2천500곳 최저임금 지급·임금체불 예방 점검,neutral,연합뉴스,통신사/방송,최저임금,2022-10-30
66528af52a1c,요지부동 대출금리 내린다…인하폭은 '주저',neutral,한국경제TV,경제지,기준금리,2025-03-02
f1f0f461a995,거리두기 강화에 7월 도소매·숙박음식업 취업자수 19.8만명 감소,pessimistic,서울경제,경제지,고용동향,2021-08-11
22902e14746d,"日 사무라이 랠리, 언제까지 지속되나? 1990년대 부동산에 이어 이번엔 증시버블 붕괴?",alarmist,한국경제TV,경제지,국채_금리,2024-03-05
f4fbaf575916,(2) 아렌트 ‘인간의 조건’과 말과 행위를 잃어버린 노동,neutral,경향신문,진보,고용동향,2018-08-31
8a094e655d18,"한국, 반도체 없으면 어쩔뻔…작년 경상수지 1230억불 흑자 ‘사상최대’",optimistic,매일경제,경제지,경상수지,2026-02-07
f743ed0515c9,축사하는 최종구 금융위원장,neutral,연합뉴스,통신사/방송,가계부채,2017-09-05
74cd321fc650,취업자수 6개월째 30만명대 증가…청년층 ‘고용절벽’은 여전,defensive,한겨레,진보,고용동향,2017-08-09
ce006b6c6d94,"한은, 기준금리 0.5%로 동결…코로나 재확산에 통화완화 유지(종합)",neutral,연합뉴스,통신사/방송,국채_금리,2020-08-27
d7ddfd51dc2f,英 부동산 펀드런 우려··'제2 리먼 브러더스 사태'로 전염되나?,alarmist,한국경제TV,경제지,부동산가격,2016-07-11
0b6bc7b8eef4,5월 경상수지 107억달러 '흑자'…역대 5월 중 '최대',optimistic,한국경제,경제지,경상수지,2021-07-07
d2ee8abc645e,아베노믹스 종언…日 경제와 엔·달러 환율은,neutral,한국경제,경제지,환율_달러,2020-08-30
6f36dda0aa71,"이재명 ""대부업 금리 24%→10% 인하해야"" 여당의원 176명에 편지",neutral,연합뉴스,통신사/방송,기준금리,2020-08-07
7b2ae3573450,인도 1~3월 GDP성장률 7/9%,neutral,서울경제,경제지,GDP_성장률,2016-05-31
35e536654740,"전경련 ""수출 주력업종 상반기 매출 소폭 늘었으나 하반기 감소""",pessimistic,연합뉴스,통신사/방송,반도체_수출,2020-08-23
e6b4ef5f9493,"홍남기, 계절요인 뺀 수치로 “취업자 늘고 있다”",optimistic,동아일보,보수,고용동향,2020-08-13
70808115bf46,"경상수지 흑자, 2년8개월내 최대…반도체 덕",optimistic,한국경제TV,경제지,경상수지,2024-07-05
caf5fc1a9bc6,경상수지 49개월째 흑자 행진…수입 감소에 따른 불황형 흑자,defensive,경향신문,진보,경상수지,2016-05-02
27bb304bbb4e,서울 외곽으로 상승세 확산,neutral,매일경제,경제지,부동산가격,2026-02-05
0284eb4a6e38,8월 수출 401억달러로 2.6%↑…19개월 마이너스 행진 마침표(종합3보),optimistic,연합뉴스,통신사/방송,수출입동향,2016-09-01
4805c6636d91,"日 국채원리금 상환, 금리 상승에 3년 뒤 43조원 증가 예상",pessimistic,연합뉴스,통신사/방송,국채_금리,2023-01-18
6696a22a1ff3,미·이란 전쟁으로 이재명 정부 경제 첫 시험대…물류·에너지 비상에 ‘스태그플레이션’ 경고,alarmist,경향신문,진보,경기침체,2026-03-05
4caae3afbfb4,부동산 열기 사그라들었나…주택담보·개인집단대출 '주춤',neutral,SBS,통신사/방송,부동산_대출,2018-02-02
96e0dbb35313,"최저임금 인상→주 52시간→공휴일 유급휴가… 기업들 ""숨 좀 쉬게 해달라"" 비명",alarmist,한국경제,경제지,최저임금,2018-02-27
599164eb26a3,"실업자 100만명시대, 문제는 청년실업이다",alarmist,경향신문,진보,고용동향,2017-02-15
8ef533190dea,"반도체, 對 중국 수출 비중 20년 새 13배 늘어",optimistic,SBS Biz,경제지,반도체_수출,2022-08-21
a2bd76a8b520,임대업자 대출 84조...가계빚 '숨은 뇌관',alarmist,서울경제,경제지,부동산_대출,2016-08-19
8e0d6b00169c,"관세청, 1~20일 수출입동향 발표…코로나19 변수는?",neutral,SBS Biz,경제지,수출입동향,2020-11-23
71245b7bfae9,"택시 기본요금 4,500원 현실화?",neutral,서울경제,경제지,최저임금,2018-02-26
4f0476884d85,<그래픽> 고용동향 현황,neutral,연합뉴스,통신사/방송,고용동향,2017-01-11
9bc08131f1f9,서울·세종 등 부동산대출 죈다…가계대출 1천400조 부실 방지(종합2보),alarmist,연합뉴스,통신사/방송,부동산_대출,2017-06-19
4292a6125433,"산업부, 2019년 수출입 동향 발표…상황은?",neutral,SBS Biz,경제지,수출입동향,2020-01-02
669ccbb25c10,마이클 잭슨 저택 '네버랜드' 다시 매물로…가격 70% 낮춰,neutral,연합뉴스,통신사/방송,부동산가격,2019-03-01
17a8365ca64b,광주 토공 옛 사옥 가격 재산정…부동산업계 관심 집중,neutral,연합뉴스,통신사/방송,부동산가격,2016-03-21
bbfdba595e42,"파월, 높은 금리 수준 유지 시사…""당분간 제약적 정책""",neutral,연합뉴스,통신사/방송,기준금리,2022-08-26
b6022c073540,"주가 '뚝', 환율 '쑥'…경기침체 신호탄 되나",alarmist,SBS,통신사/방송,경기침체,2022-02-24
f698d733eccf,"서울우유, 흰 우유 3% 인상…1리터에 2천원대 후반 전망",neutral,SBS Biz,경제지,물가_인상,2023-08-29
a27955c3fff8,"""파운드리는 대만이 우세… 삼성, AI 반도체로 기습하라""",comparative,조선일보,보수,반도체_수출,2020-08-31
956fdff8fb43,원·달러 환율 하락 마감…1122.8원(-5원),neutral,한국경제,경제지,환율_달러,2017-09-01
be6065553c17,2019년 6월 수출입 동향 브리핑,neutral,연합뉴스,통신사/방송,수출입동향,2019-07-01
3eb42d8b5399,중국 경제성장률 목표 “5% 안팎”…지난해와 동일,neutral,한겨레,진보,GDP_성장률,2024-03-05
883cf7cb69b4,추석 코앞인데···체불임금 1兆 육박,alarmist,서울경제,경제지,경기침체,2016-09-04
bfdc124ac0da,3년 만에 수출입 1조 달러 돌파 예상…하반기 경기회복세 지속,optimistic,한국경제TV,경제지,수출입동향,2017-07-04
32aa7c740814,"원·달러 환율 5,2원 내린 1107.0원(개장)",neutral,조선일보,보수,환율_달러,2021-02-25
12cb2c43e250,"""우리 땅에서 중국인 집주인에 월세 내는 끔찍한 일이…""",alarmist,한국경제,경제지,부동산_대출,2021-02-16
31553fb66966,필리핀 경제 `두테르테 파워`…2분기 GDP 7% 깜짝 성장,optimistic,매일경제,경제지,GDP_성장률,2016-08-19
d5482f001e1c,"中 수출 금지 통보에 엔비디아 ""중국 생산은 허용할 것""",neutral,SBS Biz,경제지,반도체_수출,2022-09-02
9ffd32f6beee,미 국채 2년물 금리 역대 최저...연 0.1388%,neutral,중앙일보,보수,국채_금리,2020-05-08
61f18a418ab3,"뉴욕 증시, 금리 인상 지연 전망에 강세…다우 0.07%↑",optimistic,매일경제,경제지,물가_인상,2017-08-12
1e3d18d1fb40,소비자물가 사상 첫 '마이너스'…디플레 고개드나,alarmist,한국경제TV,경제지,소비자물가,2019-09-03
c455ef4199d6,"中, 올해 경제성장률 '6.5%' 제시···""안정과 성장 잡겠다""",neutral,서울경제,경제지,소비자물가,2018-03-05
ee5f7c7ff2ed,우한 폐렴에 부동산 시장 '콜록'…서울 아파트 가격 떨어질까,pessimistic,한국경제,경제지,부동산가격,2020-02-05
b49f32958e2c,"5대 금융, 이란 사태 비상대응체계…기업 금융지원(종합2보)",alarmist,연합뉴스,통신사/방송,수출입동향,2026-03-02
1235bbbb0a75,같이 치솟는 韓美 국채금리 `심리적 마지노선` 3% 임박,alarmist,매일경제,경제지,국채_금리,2018-02-05
1db5300de434,"""물가 여전히 불안…美보다 빨리 움직이면 환율 리스크 커""",alarmist,서울경제,경제지,물가_인상,2024-02-19
d96c2604ecc8,"트럼프 ""관세 문제없어""…""연준 금리때문""",neutral,연합뉴스TV,통신사/방송,기준금리,2019-08-31
c2c773f804b1,14개월째 꿈쩍 않는 기준금리…'北 리스크·가계부채' 부담,neutral,한국경제,경제지,가계부채,2017-08-31
90b5676b1812,경기침체 피할까…당정대에 둘러싸인 한은 '시험대',neutral,서울경제,경제지,경기침체,2024-08-23
06261b034fa1,10월 경상수지 흑자 87.2억달러…56개월째 흑자 지속(종합),optimistic,연합뉴스,통신사/방송,경상수지,2016-12-01
9b34923ac105,"한은, 올해 성장률 1.9~2.0%로 상향 유력",optimistic,한국경제,경제지,GDP_성장률,2026-02-22
98f3fccf8ff3,가계빚·집값 '들썩'…그래도 금리 동결?,alarmist,한국경제TV,경제지,기준금리,2018-08-28
eac27dfe9f78,국채금리 발작·시아-수니 전면전·트럼프 호르무즈·모건스탠리 경고,alarmist,SBS Biz,경제지,국채_금리,2026-03-04
578e000a1126,적금금리 5% 시대…은행주 배당수익률 넘는다,optimistic,서울경제,경제지,기준금리,2022-08-26
7f016c13762a,"태국, 경제성장률 3% 달성 위해 12조 3천억원 투입키로",neutral,연합뉴스,통신사/방송,GDP_성장률,2019-08-17
99db46bf4c50,"트럼프, 加·멕시코 25%,中20%관세 발효…中·加도 즉각보복",alarmist,한국경제,경제지,국채_금리,2025-03-04
c70cd7922e2e,美국채 10년물·2년물 금리 또 역전…뉴욕증시 급락,alarmist,한국경제,경제지,국채_금리,2019-08-25
ca1fddd85879,수입물가 25개월만에 최고…소비자물가 상승예고,alarmist,연합뉴스TV,통신사/방송,소비자물가,2017-02-14
daa62f3301b7,원/달러 환율 6.3원 상승 마감…北미사일 영향,pessimistic,연합뉴스,통신사/방송,환율_달러,2017-08-29
a9a3faa29875,"홍남기 ""신종코로나 영향…고용 불확실성 확대 가능성""",alarmist,연합뉴스,통신사/방송,고용동향,2020-02-12
4e93fa1a5a43,국내 물가 급등세에 기름? 진정제?,alarmist,연합뉴스,통신사/방송,소비자물가,2017-02-05
d2037ccf9eea,"여야정 '추경 갈등'…홍남기 ""국채시장 감당 우려""",alarmist,연합뉴스TV,통신사/방송,국채_금리,2022-02-09
1c0126d81224,아이스크림 전문점도 가세 ··· ‘핫’ 한 커피시장,optimistic,서울경제,경제지,수출입동향,2017-08-31
c4b2b0129c43,한-필리핀 정상회담 계기 K-소비재 1천600만 달러 수출계약,optimistic,SBS Biz,경제지,반도체_수출,2026-03-04
674f991e1842,"G20 5일 폐막…중국, 추가부양책 내놓을까",neutral,한국경제,경제지,소비자물가,2016-09-04
c833fecfa758,"“베트남 부동산 투자 선별, 가격 오르는 아파트 따로 있다”",neutral,한국경제TV,경제지,부동산가격,2019-08-09
0bde08ed8801,"원/달러 환율 5.9원 오른 1,121.5원 출발",neutral,연합뉴스,통신사/방송,환율_달러,2016-08-24
85e854055691,경제성장률 목표치 3.0% 올리면서 전력수요 예측땐 2.5% 성장 적용,neutral,매일경제,경제지,GDP_성장률,2017-08-11
ce87d8048b20,"한은, 기준금리 1.25%로 동결…""코로나19 좀더 지켜보자""(종합)",neutral,연합뉴스,통신사/방송,기준금리,2020-02-27
a4c184bf8927,"日, 불화수소 첫 수출허가…정부 ""일희일비 안 해""",defensive,매일경제,경제지,반도체_수출,2019-08-29
46dd8061edda,6월 수출입 동향 브리핑하는 나승식 무역투자실장,neutral,연합뉴스,통신사/방송,수출입동향,2020-07-01
f64d7f6f50b0,"이주열, 한은 총재 40년 만에 연임…과제는?",neutral,SBS Biz,경제지,가계부채,2018-03-02
196d03b8c6d6,부산지역 수출 1년여 만에 증가세 전환,optimistic,SBS,통신사/방송,수출입동향,2021-02-22
d79082f916f8,담배 한 갑에 1만원 될라…물가 연동해 가격 인상?,alarmist,SBS Biz,경제지,물가_인상,2025-08-18
632d4b9cfaf6,미국 경제 '고용 서프라이즈'…1주일 만에 GDP 쇼크 털었다,optimistic,한국경제,경제지,GDP_성장률,2016-08-07
98a2050ca2ff,"신영증권 ""9월 금리인하, 성장주보다 가치·고배당주 우위""",neutral,연합뉴스,통신사/방송,기준금리,2024-09-02
ce8f094b6c43,최저임금 제도개선 촉구하는 자영업자들,neutral,연합뉴스,통신사/방송,최저임금,2018-08-29
975589bcbec5,'부동산 광풍'에 제주 토지·주택가격 급등…도민엔 '세금 폭탄',alarmist,연합뉴스,통신사/방송,부동산가격,2019-01-25
679f487f9269,미·이란 충돌 불똥…중소기업 2600곳 '직격탄' 우려,alarmist,한국경제,경제지,수출입동향,2026-03-02
4d2df52178cd,물가냐 경기냐…매와 비둘기의 전쟁,neutral,한국경제,경제지,물가_인상,2026-03-03
3f71262c6e90,"가계부채 1천388조원, 사상최대…2분기도 29조원 급증",alarmist,연합뉴스,통신사/방송,가계부채,2017-08-23
bbc6848ad6e7,"원·달러환율, 4원90전 내린 1,117원20전 마감",neutral,서울경제,경제지,환율_달러,2016-09-02
1f2a46848096,"대북제제에도 “北, 대(對) 중국 자원 수출 11%↑”",defensive,서울경제,경제지,수출입동향,2017-02-09
538066e17260,"고용부, 최저임금 제도 개선 연구용역 발주",neutral,연합뉴스,통신사/방송,최저임금,2016-09-04
d4bfbec1bcb1,"파월, 2% 물가 목표·중립금리 유지…""추가 인상, 데이터에 달렸다""",neutral,한국경제,경제지,기준금리,2023-08-27
186414d8d630,"美 6월 소비자물가지수, 전월대비 0.2% 상승",neutral,서울경제,경제지,소비자물가,2016-07-15
97fd16443984,"ICT 수출, 6개월 연속 월간 최대 실적 경신...7월 20.9% 증가",optimistic,서울경제,경제지,수출입동향,2017-08-09
d187f57b5c25,"한은, 올해 성장률 3.0%·소비자물가 상승률 1.7% 전망(종합)",neutral,연합뉴스,통신사/방송,GDP_성장률,2018-01-18
b135d19b4b25,日 10월 경상수지 13조 원 흑자…52개월 연속,optimistic,SBS,통신사/방송,경상수지,2018-12-10
6790e3783c60,1월 경상흑자 133억 달러…반도체 등 수출 호조에 역대 5위,optimistic,SBS,통신사/방송,경상수지,2026-03-06
bb399fb3262b,"6월 경상수지, 63억 8000만달러 '불황형 흑자'",pessimistic,조선일보,보수,경상수지,2019-08-07
9fd514e534a9,"국고채 금리, 美국채 금리하락에 일제히 내려(종합)",optimistic,연합뉴스,통신사/방송,국채_금리,2024-02-26
9181b927d3b7,"증시 호조에 원달러 환율 1,070원대 하락",optimistic,서울경제,경제지,환율_달러,2018-02-27
98c30ba1b118,"8월 소비자물가 사상 첫 0.0%…""물가지수로는 마이너스""(종합)",alarmist,연합뉴스,통신사/방송,소비자물가,2019-09-03
c935cb1bc939,"인플레 전조? 농축수산물은 10년, 월세 6년 만에 최대 상승",alarmist,중앙일보,보수,수출입동향,2021-03-04
234e6795f490,경상수지 흑자 역대 최대인데… 해외 투자도 급증해 환율 상승,defensive,동아일보,보수,경상수지,2026-02-06
bf770f5dbead,매서운 고용한파…'4년제 대졸청년 10명 중 4명 논다',alarmist,SBS Biz,경제지,고용동향,2017-02-16
e14e9c83cda3,"규제지역 10억짜리 집 소유자, 생활안정 대출 최대 5억 가능",neutral,경향신문,진보,부동산_대출,2022-11-10
a0a142ff7b75,"“영국, 브렉시트 탓에 벌써 GDP 2% 까먹었다”",pessimistic,서울경제,경제지,GDP_성장률,2018-09-04
100d0f2c1016,최저임금 인상 영향? 알바하는 中企 직장인 크게 늘었다,pessimistic,동아일보,보수,최저임금,2018-02-21
ed610ef2d320,울산 5월 수출입 동반 감소…불황형 흑자 유지,pessimistic,연합뉴스,통신사/방송,수출입동향,2016-06-21
7ce4c59b2b17,"기재차관 ""올해 성장률 하락해 국가채무비율 오를수도""",pessimistic,연합뉴스,통신사/방송,GDP_성장률,2020-09-01
15ae3ad2394e,임금근로 일자리 36만개↑ 고용동향과 차이 큰 까닭은?,neutral,중앙일보,보수,고용동향,2019-06-20
fb5a41a69a84,사드·최저임금·파업…삼중고 겪는 車 협력업체들,pessimistic,SBS,통신사/방송,최저임금,2017-08-22
e237f0cc2c71,소비자 물가 상승률 1% 밑돌아…체감·실제 물가 괴리 1년 만에 최대,pessimistic,매일경제,경제지,소비자물가,2019-02-10
69b3e75edf82,4월 고용동향 관련 관계장관회의 주재하는 홍남기 부총리,neutral,연합뉴스,통신사/방송,고용동향,2021-05-12
a87583873bab,위안화 강세에 원/달러 환율 하락,neutral,연합뉴스,통신사/방송,환율_달러,2018-09-03
ceea68ed0ac1,"엔화 104엔대 급등, 환율 변동성 확대되나",alarmist,한국경제TV,경제지,환율_달러,2016-09-05
12225b584175,"외화유동성 여건 점검한 정부 ""일본계 자금 특이 동향 없어""",neutral,연합뉴스,통신사/방송,수출입동향,2019-08-08
604fb129a794,"데이비드 루벤스타인 ""최근 조정 일반적인 수준…경기침체 없을 것""",defensive,한국경제,경제지,경기침체,2022-02-09
fe14ed757d02,"통계청, 지난달 소비자물가 0.6%↑…넉달 연속 0%대 상승률",neutral,매일경제TV,경제지,소비자물가,
40cd7e3da20c,소비자물가 상승률 안정세로,optimistic,연합뉴스,통신사/방송,소비자물가,2017-02-15
43f0b9589996,"""10년물 국채금리 연말 2% 수준까지 오를 것""",neutral,매일경제,경제지,국채_금리,2021-07-27
9ce383e7b55a,"반도체, 너마저…경기 침체 우려 커진다",alarmist,경향신문,진보,경기침체,2022-09-01
60c8db0826af,장기집권 서막 여는 習…'안정' 절실한 시기에 ‘불확실성’ 직면,neutral,서울경제,경제지,GDP_성장률,2022-03-03
03f463d5a469,'시금치 한달새 50%' 폭염·휴가철 들썩…7월 소비자물가 1.5%↑(종합2보),alarmist,연합뉴스,통신사/방송,소비자물가,2018-08-01
0a2cc8121e14,"4차 재난지원금, 15조? 20조?…'슈퍼 추경' 놓고 줄다리기",neutral,한국경제TV,경제지,고용동향,2021-02-22
ffbcc279fadc,"실직자 귀농에 농촌 취업자 급증…""경기침체 전조일 수도""",alarmist,한국경제,경제지,경기침체,2019-02-20
1597d1f5b2a6,한경연 “韓 GDP 대비 정부부채 증가 속도 세계 3위”,comparative,서울경제TV,경제지,가계부채,
9afed58d8ec9,부채 늘고 금리 오르고…가계 기업 부실위험 대출 급증,alarmist,경향신문,진보,가계부채,2022-07-14
0169ee3c938b,"윤증현 전 기획재정부 장관 ""고소득자·대기업만 증세하는 건 국민 편가르기""",neutral,한국경제,경제지,부동산_대출,2017-08-16
5652ffe174c0,8월 5대 은행 신용대출 4조 급증…사상 최대 증가,alarmist,연합뉴스,통신사/방송,부동산_대출,2020-09-02
c17c4e16760d,"한은, 7월 경상수지 87억1000만달러 흑자…53개월 연속 흑자",optimistic,매일경제TV,경제지,경상수지,
a9e6a2086fe8,"제조업 부흥 약속한 바이든, '弱달러' 선택할까",neutral,연합뉴스,통신사/방송,환율_달러,2021-03-03
1bda136de5d5,"홍종학 ""최저임금 인상 부작용 막는 '상생바람' 확산되고 있다""",optimistic,연합뉴스,통신사/방송,최저임금,2018-02-21
dda710c15ed3,"1∼8월 누적수출 역대 최고…""올해 사상 첫 6천억달러 전망""(종합)",optimistic,연합뉴스,통신사/방송,경기침체,2018-09-01
cb230d124d3f,‘물가보다 경기 우려’ 태도 변화 한은…미국보다 먼저 금리인하?,neutral,한겨레,진보,기준금리,2024-02-27
a57398d75af6,"""화재 참사로 침체된 제천 돕자"" 전국서 도움의 손길",neutral,연합뉴스,통신사/방송,경기침체,2018-02-10
491d0eb04017,"규제망 우회했나…2금융권 기업대출 증가, 가계대출 5배",alarmist,SBS,통신사/방송,가계부채,2018-09-03
8be88419db65,울산 6월 수출입 동반 감소…불황형 흑자 유지,pessimistic,연합뉴스,통신사/방송,수출입동향,2016-07-21
8812fe535b20,"주호영 ""백신 조기확보 실패…韓성장률 전망 악화될 수도""",pessimistic,한국경제TV,경제지,GDP_성장률,2021-02-03
f6f6731c48dc,8월 수출 17.4%↑··· 8개월 연속 두자릿수 증가,optimistic,서울경제,경제지,수출입동향,2017-09-01
489e647cee14,"홍남기 ""최저임금·탄소중립 등 경제계 의견 경청, 반영 노력""",neutral,연합뉴스,통신사/방송,최저임금,2021-08-11
998fc6d2ffa0,"7년 만의 경상수지 적자, 가볍게 보면 안 된다",alarmist,연합뉴스,통신사/방송,경상수지,2019-06-05
fab92db35c86,"중국, 오늘 양회 개막…화두는 ‘성장률·시진핑 장기집권·홍콩’",neutral,경향신문,진보,GDP_성장률,2021-03-03
9a084543e1f4,수출·내수 다 꺼진 한국경제…물가·금리 연초부터 비상등,alarmist,연합뉴스,통신사/방송,기준금리,2023-03-05
198b171114a5,"""美 장단기금리차 축소, 침체 예상 어려워""",defensive,한국경제,경제지,경기침체,2019-08-23
c81db953fc1a,3~6개월짜리 단기 예·적금 추천…금리 年5~10% 특판상품 공략도,neutral,한국경제,경제지,기준금리,2021-08-31
ddcb842a3d55,"증권가 ""한은 금리인하 '선택' 아닌 '필수'…4월 유력""(종합)",optimistic,연합뉴스,통신사/방송,가계부채,2020-02-27
c472a3109a84,"박주민 ""이병태 임명 취소하라…참고 넘어갈 수 없어""",neutral,한국경제,경제지,최저임금,2026-03-06
230593c9292c,수출 11개월째 줄었지만…석달 연속 무역수지 흑자,defensive,서울경제,경제지,반도체_수출,2023-09-01
0110043fd876,‘반도체의 힘’…2월 무역수지 155억달러 흑자 '역대 최대',optimistic,한국경제,경제지,반도체_수출,2026-03-01
c5686f88af31,"나이지리아, 환율 방어에 경찰 동원…""환전상 달러몰수""",alarmist,연합뉴스,통신사/방송,환율_달러,2017-03-03
039a7b76b5d9,5월 경상수지 107억달러 흑자…13개월 연속 흑자 행진,optimistic,한국경제,경제지,경상수지,2021-07-07
c1994b440a46,"원/달러 환율, 미 FOMC 의사록 공개에 달러화 반등",neutral,연합뉴스,통신사/방송,환율_달러,2020-08-20
03e4ff1af803,"P2P업체 렌딧, 누적분산투자 500만건 돌파",neutral,한국경제,경제지,부동산_대출,2018-03-02
d85c0e74793b,가계 빚 사상 첫 1700조 돌파…영끌·빚투 지속에 1년새 125조 늘어,alarmist,동아일보,보수,부동산_대출,2021-02-23
1e14ebe00583,울산 1월 수출 25.3%↑…주력 자동차·석유제품·선박 호조,optimistic,연합뉴스,통신사/방송,수출입동향,2026-02-20
34e5757e6a68,고용쇼크·물가·무역전쟁 악재에···소비심리 17개월만에 최저,alarmist,서울경제,경제지,소비자물가,2018-08-28
92953196862c,<주간증시전망> 좁은 박스권 장세 이어갈 듯,neutral,연합뉴스,통신사/방송,수출입동향,2016-08-28
efe742ae5979,"對러 수출제재에, 반도체 원자재 수급 비상등",alarmist,동아일보,보수,반도체_수출,2022-02-26
5fe475bcc98d,금융당국 “긴축전환에 대출 부실 우려”…가계·기업대출 관리 강화,alarmist,한겨레,진보,부동산_대출,2022-02-14
5822fcae0af8,반도체·자동차 탓 산업생산 3개월 연속↓…소매판매 4년 만 최저,alarmist,중앙일보,보수,반도체_수출,2024-08-30
70a89e102681,소비자물가 두 달째 0%대 상승률…유가·채솟값 하락,optimistic,한국경제TV,경제지,소비자물가,2019-03-05
849f5480f4bc,"""무거운 책임감 느낀다""…가계부채·한미 금리역전 난제 산적",alarmist,매일경제,경제지,가계부채,2018-03-02
